 ,Label,Area,X,Y,BX,BY,Width,Height
1,20231005-B-S-SP-left-I_00-1.tif,3005.022,1281.510,32.018,1237.223,2.707,78.511,62.267
2,20231005-B-S-SP-left-I_00-1.tif,21.988,1644.668,4.061,1640.607,2.707,8.122,2.707
3,20231005-B-S-SP-left-I_00-1.tif,7.329,1631.131,12.183,1629.778,10.829,2.707,2.707
4,20231005-B-S-SP-left-I_00-1.tif,65.964,1529.759,15.792,1521.487,13.536,18.951,8.122
5,20231005-B-S-SP-left-I_00-1.tif,14.659,1784.092,18.951,1781.385,16.244,5.415,5.415
6,20231005-B-S-SP-left-I_00-1.tif,14.659,1539.084,21.658,1537.730,18.951,2.707,5.415
7,20231005-B-S-SP-left-I_00-1.tif,7.329,1620.302,20.305,1618.949,18.951,2.707,2.707
8,20231005-B-S-SP-left-I_00-1.tif,1026.105,2047.007,39.352,2027.747,18.951,37.902,40.609
9,20231005-B-S-SP-left-I_00-1.tif,21.988,1004.849,28.426,1001.691,24.365,5.415,8.122
10,20231005-B-S-SP-left-I_00-1.tif,7.329,1241.284,39.255,1239.931,37.902,2.707,2.707
11,20231005-B-S-SP-left-I_00-1.tif,1451.206,1110.993,66.342,1088.323,46.024,43.316,43.316
12,20231005-B-S-SP-left-I_00-1.tif,520.382,1024.436,68.463,1009.812,54.145,27.073,27.073
13,20231005-B-S-SP-left-I_00-1.tif,7.329,1438.915,58.206,1437.561,56.853,2.707,2.707
14,20231005-B-S-SP-left-I_00-1.tif,395.783,1697.008,72.545,1678.509,62.267,35.195,27.073
15,20231005-B-S-SP-left-I_00-1.tif,850.201,1547.276,89.807,1529.609,70.389,37.902,37.902
16,20231005-B-S-SP-left-I_00-1.tif,7.329,1677.155,74.450,1675.801,73.096,2.707,2.707
17,20231005-B-S-SP-left-I_00-1.tif,293.173,1778.272,91.912,1765.141,75.804,27.073,29.780
18,20231005-B-S-SP-left-I_00-1.tif,21.988,457.078,83.474,454.822,81.218,5.415,5.415
19,20231005-B-S-SP-left-I_00-1.tif,7.329,1685.277,85.279,1683.923,83.925,2.707,2.707
20,20231005-B-S-SP-left-I_00-1.tif,14.659,1702.874,86.633,1700.167,83.925,5.415,5.415
21,20231005-B-S-SP-left-I_00-1.tif,7.329,1866.664,87.986,1865.310,86.633,2.707,2.707
22,20231005-B-S-SP-left-I_00-1.tif,7.329,1620.302,93.401,1618.949,92.047,2.707,2.707
23,20231005-B-S-SP-left-I_00-1.tif,7.329,1625.717,93.401,1624.363,92.047,2.707,2.707
24,20231005-B-S-SP-left-I_00-1.tif,7.329,1698.813,93.401,1697.459,92.047,2.707,2.707
25,20231005-B-S-SP-left-I_00-1.tif,7.329,1969.540,96.108,1968.187,94.755,2.707,2.707
26,20231005-B-S-SP-left-I_00-1.tif,29.317,893.400,100.169,890.692,97.462,5.415,5.415
27,20231005-B-S-SP-left-I_00-1.tif,7.329,1977.662,98.815,1976.309,97.462,2.707,2.707
28,20231005-B-S-SP-left-I_00-1.tif,7.329,886.632,101.523,885.278,100.169,2.707,2.707
29,20231005-B-S-SP-left-I_00-1.tif,14.659,1291.369,106.937,1288.661,105.584,5.415,2.707
30,20231005-B-S-SP-left-I_00-1.tif,183.233,435.925,116.792,427.749,108.291,16.244,16.244
31,20231005-B-S-SP-left-I_00-1.tif,29.317,894.753,110.321,890.692,108.291,8.122,5.415
32,20231005-B-S-SP-left-I_00-1.tif,14.659,1713.703,110.998,1710.996,108.291,5.415,5.415
33,20231005-B-S-SP-left-I_00-1.tif,7.329,1972.248,109.645,1970.894,108.291,2.707,2.707
34,20231005-B-S-SP-left-I_00-1.tif,7.329,1701.520,112.352,1700.167,110.998,2.707,2.707
35,20231005-B-S-SP-left-I_00-1.tif,7.329,1961.419,112.352,1960.065,110.998,2.707,2.707
36,20231005-B-S-SP-left-I_00-1.tif,7.329,1687.984,117.766,1686.630,116.413,2.707,2.707
37,20231005-B-S-SP-left-I_00-1.tif,7.329,1964.126,117.766,1962.772,116.413,2.707,2.707
38,20231005-B-S-SP-left-I_00-1.tif,58.635,1974.278,121.150,1968.187,116.413,10.829,8.122
39,20231005-B-S-SP-left-I_00-1.tif,87.952,1223.236,126.339,1218.272,119.120,10.829,13.536
40,20231005-B-S-SP-left-I_00-1.tif,7.329,1983.077,120.474,1981.723,119.120,2.707,2.707
41,20231005-B-S-SP-left-I_00-1.tif,7.329,1338.746,131.303,1337.392,129.949,2.707,2.707
42,20231005-B-S-SP-left-I_00-1.tif,14.659,1348.221,138.071,1345.514,135.364,5.415,5.415
43,20231005-B-S-SP-left-I_00-1.tif,58.635,1130.963,145.854,1126.225,140.778,10.829,10.829
44,20231005-B-S-SP-left-I_00-1.tif,7.329,1352.282,147.546,1350.929,146.193,2.707,2.707
45,20231005-B-S-SP-left-I_00-1.tif,80.623,1589.538,156.406,1581.047,151.607,16.244,8.122
46,20231005-B-S-SP-left-I_00-1.tif,7.329,1346.868,158.375,1345.514,157.022,2.707,2.707
47,20231005-B-S-SP-left-I_00-1.tif,14.659,1597.290,163.790,1594.583,162.436,5.415,2.707
48,20231005-B-S-SP-left-I_00-1.tif,21.988,1743.934,166.497,1740.776,162.436,5.415,8.122
49,20231005-B-S-SP-left-I_00-1.tif,87.952,1880.426,177.101,1873.432,167.851,13.536,18.951
50,20231005-B-S-SP-left-I_00-1.tif,58.635,1800.674,173.942,1794.921,170.558,10.829,8.122
51,20231005-B-S-SP-left-I_00-1.tif,21.988,1851.323,173.717,1849.067,170.558,5.415,5.415
52,20231005-B-S-SP-left-I_00-1.tif,43.976,1763.788,189.509,1759.727,186.802,8.122,5.415
53,20231005-B-S-SP-left-I_00-1.tif,29.317,1593.906,191.539,1589.169,189.509,8.122,5.415
54,20231005-B-S-SP-left-I_00-1.tif,109.940,1298.498,211.257,1291.369,205.753,13.536,10.829
55,20231005-B-S-SP-left-I_00-1.tif,7.329,1038.239,209.814,1036.885,208.460,2.707,2.707
56,20231005-B-S-SP-left-I_00-1.tif,7.329,1043.653,209.814,1042.300,208.460,2.707,2.707
57,20231005-B-S-SP-left-I_00-1.tif,1509.840,1415.338,230.368,1391.538,208.460,46.024,43.316
58,20231005-B-S-SP-left-I_00-1.tif,7.329,1958.711,215.228,1957.358,213.874,2.707,2.707
59,20231005-B-S-SP-left-I_00-1.tif,21.988,1958.711,222.448,1954.650,219.289,8.122,5.415
60,20231005-B-S-SP-left-I_00-1.tif,527.711,1997.290,235.081,1984.430,219.289,29.780,32.487
61,20231005-B-S-SP-left-I_00-1.tif,901.507,1301.637,239.902,1277.832,221.996,43.316,37.902
62,20231005-B-S-SP-left-I_00-1.tif,29.317,1836.884,224.704,1832.823,221.996,8.122,5.415
63,20231005-B-S-SP-left-I_00-1.tif,7.329,1084.262,228.764,1082.909,227.411,2.707,2.707
64,20231005-B-S-SP-left-I_00-1.tif,7.329,1826.055,228.764,1824.701,227.411,2.707,2.707
65,20231005-B-S-SP-left-I_00-1.tif,7.329,2012.857,228.764,2011.503,227.411,2.707,2.707
66,20231005-B-S-SP-left-I_00-1.tif,7.329,345.177,231.472,343.824,230.118,2.707,2.707
67,20231005-B-S-SP-left-I_00-1.tif,14.659,2008.796,232.825,2006.088,230.118,5.415,5.415
68,20231005-B-S-SP-left-I_00-1.tif,7.329,1084.262,234.179,1082.909,232.825,2.707,2.707
69,20231005-B-S-SP-left-I_00-1.tif,43.976,1826.506,241.398,1821.994,238.240,10.829,5.415
70,20231005-B-S-SP-left-I_00-1.tif,329.819,968.451,267.448,955.667,254.484,24.365,27.073
71,20231005-B-S-SP-left-I_00-1.tif,21.988,1268.357,256.740,1264.296,254.484,8.122,5.415
72,20231005-B-S-SP-left-I_00-1.tif,36.647,1660.370,266.125,1656.850,262.605,8.122,8.122
73,20231005-B-S-SP-left-I_00-1.tif,813.555,1093.677,280.910,1077.494,265.313,35.195,32.487
74,20231005-B-S-SP-left-I_00-1.tif,21.988,1476.817,269.374,1472.756,268.020,8.122,2.707
75,20231005-B-S-SP-left-I_00-1.tif,36.647,1875.869,273.705,1873.432,268.020,5.415,10.829
76,20231005-B-S-SP-left-I_00-1.tif,2044.881,1786.863,297.562,1757.019,270.727,56.853,51.438
77,20231005-B-S-SP-left-I_00-1.tif,7.329,499.492,274.788,498.138,273.434,2.707,2.707
78,20231005-B-S-SP-left-I_00-1.tif,1319.278,907.026,293.348,887.985,273.434,40.609,43.316
79,20231005-B-S-SP-left-I_00-1.tif,1136.045,861.271,295.119,841.962,276.142,37.902,37.902
80,20231005-B-S-SP-left-I_00-1.tif,7.329,1869.371,277.495,1868.018,276.142,2.707,2.707
81,20231005-B-S-SP-left-I_00-1.tif,7.329,1877.493,288.324,1876.139,286.971,2.707,2.707
82,20231005-B-S-SP-left-I_00-1.tif,7.329,2094.075,288.324,2092.721,286.971,2.707,2.707
83,20231005-B-S-SP-left-I_00-1.tif,747.591,1358.467,303.905,1342.807,289.678,32.487,29.780
84,20231005-B-S-SP-left-I_00-1.tif,65.964,1464.183,295.243,1459.220,289.678,10.829,10.829
85,20231005-B-S-SP-left-I_00-1.tif,146.586,1442.976,301.725,1432.147,295.093,21.658,13.536
86,20231005-B-S-SP-left-I_00-1.tif,2308.736,1241.628,323.296,1212.858,297.800,56.853,51.438
87,20231005-B-S-SP-left-I_00-1.tif,7.329,1468.695,307.275,1467.341,305.922,2.707,2.707
88,20231005-B-S-SP-left-I_00-1.tif,21.988,1471.402,312.690,1467.341,311.336,8.122,2.707
89,20231005-B-S-SP-left-I_00-1.tif,139.257,1437.918,319.387,1429.440,314.044,21.658,10.829
90,20231005-B-S-SP-left-I_00-1.tif,7.329,1455.159,315.397,1453.805,314.044,2.707,2.707
91,20231005-B-S-SP-left-I_00-1.tif,14.659,1892.383,316.751,1889.676,314.044,5.415,5.415
92,20231005-B-S-SP-left-I_00-1.tif,7.329,1882.908,323.519,1881.554,322.165,2.707,2.707
93,20231005-B-S-SP-left-I_00-1.tif,14.659,1891.029,324.873,1889.676,322.165,2.707,5.415
94,20231005-B-S-SP-left-I_00-1.tif,1311.949,1926.133,346.674,1897.798,322.165,48.731,46.024
95,20231005-B-S-SP-left-I_00-1.tif,791.567,2007.217,337.532,1989.845,322.165,35.195,32.487
96,20231005-B-S-SP-left-I_00-1.tif,7.329,1899.151,328.934,1897.798,327.580,2.707,2.707
97,20231005-B-S-SP-left-I_00-1.tif,29.317,1890.353,332.994,1886.969,330.287,8.122,5.415
98,20231005-B-S-SP-left-I_00-1.tif,29.317,621.319,339.763,617.258,335.702,8.122,8.122
99,20231005-B-S-SP-left-I_00-1.tif,5328.417,984.950,373.631,936.716,335.702,94.755,78.511
100,20231005-B-S-SP-left-I_00-1.tif,65.964,1870.875,338.559,1865.310,335.702,13.536,8.122
101,20231005-B-S-SP-left-I_00-1.tif,7.329,1947.882,345.177,1946.529,343.824,2.707,2.707
102,20231005-B-S-SP-left-I_00-1.tif,7.329,1904.566,350.592,1903.212,349.238,2.707,2.707
103,20231005-B-S-SP-left-I_00-1.tif,7.329,1945.175,350.592,1943.821,349.238,2.707,2.707
104,20231005-B-S-SP-left-I_00-1.tif,73.293,1994.989,361.962,1989.845,357.360,10.829,8.122
105,20231005-B-S-SP-left-I_00-1.tif,1575.804,1824.254,407.218,1800.336,384.433,48.731,46.024
106,20231005-B-S-SP-left-I_00-1.tif,7.329,1631.131,391.201,1629.778,389.847,2.707,2.707
107,20231005-B-S-SP-left-I_00-1.tif,14.659,1524.194,396.615,1521.487,395.262,5.415,2.707
108,20231005-B-S-SP-left-I_00-1.tif,271.185,1897.761,411.542,1889.676,400.676,18.951,21.658
109,20231005-B-S-SP-left-I_00-1.tif,14.659,836.547,416.920,833.840,414.213,5.415,5.415
110,20231005-B-S-SP-left-I_00-1.tif,7.329,843.315,415.566,841.962,414.213,2.707,2.707
111,20231005-B-S-SP-left-I_00-1.tif,7.329,1382.062,420.981,1380.709,419.627,2.707,2.707
112,20231005-B-S-SP-left-I_00-1.tif,7.329,1225.041,429.103,1223.687,427.749,2.707,2.707
113,20231005-B-S-SP-left-I_00-1.tif,2220.784,1257.876,457.462,1229.101,430.456,56.853,51.438
114,20231005-B-S-SP-left-I_00-1.tif,7.329,929.948,469.712,928.594,468.358,2.707,2.707
115,20231005-B-S-SP-left-I_00-1.tif,3554.721,2108.895,517.510,2079.185,476.480,59.560,78.511
116,20231005-B-S-SP-left-I_00-1.tif,29.317,1459.220,484.602,1456.512,481.894,5.415,5.415
117,20231005-B-S-SP-left-I_00-1.tif,7.329,1969.540,499.492,1968.187,498.138,2.707,2.707
118,20231005-B-S-SP-left-I_00-1.tif,1326.607,1330.400,530.917,1310.320,508.967,40.609,43.316
119,20231005-B-S-SP-left-I_00-1.tif,7.329,1035.532,521.150,1034.178,519.796,2.707,2.707
120,20231005-B-S-SP-left-I_00-1.tif,95.281,1287.516,534.270,1280.540,527.918,13.536,13.536
121,20231005-B-S-SP-left-I_00-1.tif,73.293,2048.863,535.228,2041.283,530.625,13.536,10.829
122,20231005-B-S-SP-left-I_00-1.tif,7.329,2061.588,534.686,2060.234,533.333,2.707,2.707
123,20231005-B-S-SP-left-I_00-1.tif,7.329,1124.871,537.393,1123.518,536.040,2.707,2.707
124,20231005-B-S-SP-left-I_00-1.tif,14.659,2027.747,537.393,2025.039,536.040,5.415,2.707
125,20231005-B-S-SP-left-I_00-1.tif,65.964,1187.139,547.621,1180.371,544.162,13.536,10.829
126,20231005-B-S-SP-left-I_00-1.tif,175.904,260.462,555.104,251.776,546.869,16.244,16.244
127,20231005-B-S-SP-left-I_00-1.tif,153.916,2061.459,552.993,2049.405,546.869,24.365,10.829
128,20231005-B-S-SP-left-I_00-1.tif,344.478,1564.429,562.969,1543.145,552.283,37.902,18.951
129,20231005-B-S-SP-left-I_00-1.tif,7.329,1544.499,556.344,1543.145,554.991,2.707,2.707
130,20231005-B-S-SP-left-I_00-1.tif,73.293,2038.576,558.510,2033.161,554.991,10.829,8.122
131,20231005-B-S-SP-left-I_00-1.tif,373.795,1556.973,583.736,1540.438,573.942,35.195,18.951
132,20231005-B-S-SP-left-I_00-1.tif,36.647,1571.571,575.295,1564.803,573.942,13.536,2.707
133,20231005-B-S-SP-left-I_00-1.tif,21.988,1606.766,577.100,1602.705,573.942,8.122,5.415
134,20231005-B-S-SP-left-I_00-1.tif,476.406,1998.071,591.789,1984.430,579.356,27.073,24.365
135,20231005-B-S-SP-left-I_00-1.tif,65.964,1647.375,592.742,1640.607,587.478,13.536,8.122
136,20231005-B-S-SP-left-I_00-1.tif,7.329,2015.564,588.832,2014.210,587.478,2.707,2.707
137,20231005-B-S-SP-left-I_00-1.tif,14.659,873.095,595.600,871.742,592.893,2.707,5.415
138,20231005-B-S-SP-left-I_00-1.tif,666.968,1973.289,619.236,1960.065,603.722,29.780,32.487
139,20231005-B-S-SP-left-I_00-1.tif,7.329,973.264,610.490,971.911,609.136,2.707,2.707
140,20231005-B-S-SP-left-I_00-1.tif,7.329,1024.702,618.612,1023.349,617.258,2.707,2.707
141,20231005-B-S-SP-left-I_00-1.tif,14.659,1143.822,619.965,1142.469,617.258,2.707,5.415
142,20231005-B-S-SP-left-I_00-1.tif,109.940,2225.468,627.094,2219.963,617.258,13.536,16.244
143,20231005-B-S-SP-left-I_00-1.tif,637.651,1362.085,640.705,1345.514,628.087,35.195,27.073
144,20231005-B-S-SP-left-I_00-1.tif,564.358,1728.699,647.829,1713.703,630.794,27.073,35.195
145,20231005-B-S-SP-left-I_00-1.tif,7.329,1122.164,634.855,1120.811,633.502,2.707,2.707
146,20231005-B-S-SP-left-I_00-1.tif,14.659,1250.760,638.916,1248.052,636.209,5.415,5.415
147,20231005-B-S-SP-left-I_00-1.tif,51.305,1649.309,640.270,1646.021,636.209,8.122,8.122
148,20231005-B-S-SP-left-I_00-1.tif,29.317,1667.003,639.593,1662.265,636.209,8.122,5.415
149,20231005-B-S-SP-left-I_00-1.tif,2418.676,1298.875,666.145,1267.003,641.623,62.267,48.731
150,20231005-B-S-SP-left-I_00-1.tif,58.635,1907.273,646.700,1900.505,641.623,10.829,10.829
151,20231005-B-S-SP-left-I_00-1.tif,249.197,1169.064,663.919,1161.420,652.453,16.244,21.658
152,20231005-B-S-SP-left-I_00-1.tif,1040.764,1502.917,676.551,1483.585,655.160,37.902,40.609
153,20231005-B-S-SP-left-I_00-1.tif,14.659,1927.578,665.989,1924.870,663.282,5.415,5.415
154,20231005-B-S-SP-left-I_00-1.tif,183.233,2031.808,670.158,2022.332,663.282,21.658,18.951
155,20231005-B-S-SP-left-I_00-1.tif,1399.900,1039.174,685.188,1015.227,665.989,48.731,40.609
156,20231005-B-S-SP-left-I_00-1.tif,14.659,1553.974,667.343,1551.267,665.989,5.415,2.707
157,20231005-B-S-SP-left-I_00-1.tif,21.988,1546.303,670.952,1543.145,668.696,5.415,5.415
158,20231005-B-S-SP-left-I_00-1.tif,7.329,1720.471,670.050,1719.118,668.696,2.707,2.707
159,20231005-B-S-SP-left-I_00-1.tif,7.329,2129.269,670.050,2127.916,668.696,2.707,2.707
160,20231005-B-S-SP-left-I_00-1.tif,36.647,1564.532,676.006,1562.096,671.403,5.415,8.122
161,20231005-B-S-SP-left-I_00-1.tif,7.329,1558.035,675.464,1556.681,674.111,2.707,2.707
162,20231005-B-S-SP-left-I_00-1.tif,21.988,2076.929,677.269,2073.770,674.111,5.415,5.415
163,20231005-B-S-SP-left-I_00-1.tif,29.317,1543.822,678.848,1540.438,676.818,8.122,5.415
164,20231005-B-S-SP-left-I_00-1.tif,80.623,1920.071,687.524,1916.749,679.525,8.122,16.244
165,20231005-B-S-SP-left-I_00-1.tif,14.659,2025.039,680.879,2022.332,679.525,5.415,2.707
166,20231005-B-S-SP-left-I_00-1.tif,14.659,2037.222,682.233,2035.868,679.525,2.707,5.415
167,20231005-B-S-SP-left-I_00-1.tif,36.647,957.562,686.835,952.960,682.233,8.122,8.122
168,20231005-B-S-SP-left-I_00-1.tif,14.659,1564.803,683.586,1562.096,682.233,5.415,2.707
169,20231005-B-S-SP-left-I_00-1.tif,7.329,1882.908,683.586,1881.554,682.233,2.707,2.707
170,20231005-B-S-SP-left-I_00-1.tif,14.659,1553.974,689.001,1551.267,687.647,5.415,2.707
171,20231005-B-S-SP-left-I_00-1.tif,469.077,1084.770,701.945,1072.080,690.354,27.073,21.658
172,20231005-B-S-SP-left-I_00-1.tif,3320.183,1267.490,724.912,1234.516,693.062,67.682,64.975
173,20231005-B-S-SP-left-I_00-1.tif,21.988,1363.111,695.318,1359.051,693.062,8.122,5.415
174,20231005-B-S-SP-left-I_00-1.tif,263.856,1581.648,702.011,1572.925,693.062,18.951,24.365
175,20231005-B-S-SP-left-I_00-1.tif,21.988,1924.419,706.147,1922.163,703.891,5.415,5.415
176,20231005-B-S-SP-left-I_00-1.tif,29.317,457.529,710.659,454.822,706.598,5.415,8.122
177,20231005-B-S-SP-left-I_00-1.tif,65.964,1977.361,713.065,1973.601,706.598,8.122,10.829
178,20231005-B-S-SP-left-I_00-1.tif,7.329,1490.353,713.366,1489.000,712.013,2.707,2.707
179,20231005-B-S-SP-left-I_00-1.tif,7.329,1595.937,716.073,1594.583,714.720,2.707,2.707
180,20231005-B-S-SP-left-I_00-1.tif,7.329,1005.752,718.781,1004.398,717.427,2.707,2.707
181,20231005-B-S-SP-left-I_00-1.tif,1817.672,1176.593,740.646,1150.591,717.427,51.438,46.024
182,20231005-B-S-SP-left-I_00-1.tif,14.659,1007.105,726.903,1004.398,725.549,5.415,2.707
183,20231005-B-S-SP-left-I_00-1.tif,14.659,1311.673,747.207,1310.320,744.500,2.707,5.415
184,20231005-B-S-SP-left-I_00-1.tif,7.329,1893.737,770.219,1892.383,768.865,2.707,2.707
185,20231005-B-S-SP-left-I_00-1.tif,36.647,1980.911,771.302,1976.309,768.865,8.122,5.415
186,20231005-B-S-SP-left-I_00-1.tif,131.928,1898.399,779.845,1889.676,774.280,16.244,10.829
187,20231005-B-S-SP-left-I_00-1.tif,344.478,2103.867,785.829,2092.721,774.280,24.365,21.658
188,20231005-B-S-SP-left-I_00-1.tif,43.976,987.252,780.597,982.740,776.987,8.122,8.122
189,20231005-B-S-SP-left-I_00-1.tif,234.538,1450.506,784.009,1440.269,776.987,24.365,13.536
190,20231005-B-S-SP-left-I_00-1.tif,14.659,1330.624,782.402,1329.271,779.694,2.707,5.415
191,20231005-B-S-SP-left-I_00-1.tif,14.659,1337.392,781.048,1334.685,779.694,5.415,2.707
192,20231005-B-S-SP-left-I_00-1.tif,14.659,1424.025,783.755,1421.318,782.402,5.415,2.707
193,20231005-B-S-SP-left-I_00-1.tif,498.394,1683.326,795.938,1670.387,782.402,27.073,29.780
194,20231005-B-S-SP-left-I_00-1.tif,7.329,1363.111,786.462,1361.758,785.109,2.707,2.707
195,20231005-B-S-SP-left-I_00-1.tif,95.281,1408.302,790.836,1402.367,785.109,10.829,10.829
196,20231005-B-S-SP-left-I_00-1.tif,2645.885,922.224,816.932,890.692,787.816,62.267,56.853
197,20231005-B-S-SP-left-I_00-1.tif,87.952,1451.549,796.164,1442.976,793.231,18.951,8.122
198,20231005-B-S-SP-left-I_00-1.tif,7.329,1853.128,802.706,1851.774,801.352,2.707,2.707
199,20231005-B-S-SP-left-I_00-1.tif,1414.559,704.529,827.745,682.233,806.767,46.024,40.609
200,20231005-B-S-SP-left-I_00-1.tif,864.860,1701.383,831.224,1675.801,806.767,43.316,40.609
201,20231005-B-S-SP-left-I_00-1.tif,58.635,1851.097,812.182,1846.359,806.767,10.829,10.829
202,20231005-B-S-SP-left-I_00-1.tif,36.647,1537.460,812.994,1532.316,809.474,10.829,5.415
203,20231005-B-S-SP-left-I_00-1.tif,7.329,1363.111,816.242,1361.758,814.889,2.707,2.707
204,20231005-B-S-SP-left-I_00-1.tif,7.329,1368.526,816.242,1367.172,814.889,2.707,2.707
205,20231005-B-S-SP-left-I_00-1.tif,87.952,2044.667,820.980,2038.576,814.889,10.829,10.829
206,20231005-B-S-SP-left-I_00-1.tif,7.329,1460.573,818.950,1459.220,817.596,2.707,2.707
207,20231005-B-S-SP-left-I_00-1.tif,7.329,1536.377,818.950,1535.023,817.596,2.707,2.707
208,20231005-B-S-SP-left-I_00-1.tif,7.329,794.584,821.657,793.231,820.303,2.707,2.707
209,20231005-B-S-SP-left-I_00-1.tif,102.610,1365.625,826.298,1359.051,820.303,13.536,10.829
210,20231005-B-S-SP-left-I_00-1.tif,95.281,1286.683,831.653,1280.540,823.011,10.829,16.244
211,20231005-B-S-SP-left-I_00-1.tif,7.329,1609.473,824.364,1608.120,823.011,2.707,2.707
212,20231005-B-S-SP-left-I_00-1.tif,14.659,1696.106,825.718,1694.752,823.011,2.707,5.415
213,20231005-B-S-SP-left-I_00-1.tif,21.988,1278.284,828.876,1275.125,825.718,5.415,5.415
214,20231005-B-S-SP-left-I_00-1.tif,7.329,1579.693,827.072,1578.340,825.718,2.707,2.707
215,20231005-B-S-SP-left-I_00-1.tif,7.329,1682.570,827.072,1681.216,825.718,2.707,2.707
216,20231005-B-S-SP-left-I_00-1.tif,14.659,1494.414,832.486,1491.707,831.132,5.415,2.707
217,20231005-B-S-SP-left-I_00-1.tif,710.944,1436.822,860.759,1418.610,844.669,35.195,32.487
218,20231005-B-S-SP-left-I_00-1.tif,3466.769,1084.354,878.659,1047.714,847.376,75.804,62.267
219,20231005-B-S-SP-left-I_00-1.tif,58.635,1491.030,852.452,1486.292,847.376,8.122,10.829
220,20231005-B-S-SP-left-I_00-1.tif,65.964,1138.709,853.843,1134.347,850.083,10.829,8.122
221,20231005-B-S-SP-left-I_00-1.tif,14.659,1863.957,866.327,1862.603,863.620,2.707,5.415
222,20231005-B-S-SP-left-I_00-1.tif,7.329,1465.988,867.681,1464.634,866.327,2.707,2.707
223,20231005-B-S-SP-left-I_00-1.tif,7.329,1985.784,867.681,1984.430,866.327,2.707,2.707
224,20231005-B-S-SP-left-I_00-1.tif,417.771,1155.506,882.024,1142.469,869.034,27.073,24.365
225,20231005-B-S-SP-left-I_00-1.tif,227.209,1572.707,884.623,1562.096,871.742,24.365,21.658
226,20231005-B-S-SP-left-I_00-1.tif,7.329,1273.771,875.802,1272.418,874.449,2.707,2.707
227,20231005-B-S-SP-left-I_00-1.tif,2609.238,1355.263,900.122,1321.149,874.449,70.389,51.438
228,20231005-B-S-SP-left-I_00-1.tif,622.992,1483.474,903.671,1467.341,887.985,32.487,29.780
229,20231005-B-S-SP-left-I_00-1.tif,1817.672,515.430,913.759,490.016,890.692,51.438,46.024
230,20231005-B-S-SP-left-I_00-1.tif,1341.266,1541.777,923.838,1518.780,901.522,43.316,43.316
231,20231005-B-S-SP-left-I_00-1.tif,58.635,1638.576,909.305,1632.485,904.229,10.829,10.829
232,20231005-B-S-SP-left-I_00-1.tif,1231.326,579.550,933.123,557.698,915.058,43.316,37.902
233,20231005-B-S-SP-left-I_00-1.tif,212.550,1848.180,927.241,1838.238,920.472,21.658,13.536
234,20231005-B-S-SP-left-I_00-1.tif,7.329,1425.379,927.241,1424.025,925.887,2.707,2.707
235,20231005-B-S-SP-left-I_00-1.tif,14.659,1003.044,931.302,1001.691,928.594,2.707,5.415
236,20231005-B-S-SP-left-I_00-1.tif,205.221,1422.285,938.940,1413.196,931.302,16.244,16.244
237,20231005-B-S-SP-left-I_00-1.tif,1832.330,2025.451,963.009,1997.967,939.423,54.145,46.024
238,20231005-B-S-SP-left-I_00-1.tif,835.543,346.578,958.683,330.287,942.131,35.195,32.487
239,20231005-B-S-SP-left-I_00-1.tif,51.305,937.683,949.672,934.009,944.838,8.122,8.122
240,20231005-B-S-SP-left-I_00-1.tif,7.329,1687.984,946.192,1686.630,944.838,2.707,2.707
241,20231005-B-S-SP-left-I_00-1.tif,7.329,989.508,951.606,988.154,950.252,2.707,2.707
242,20231005-B-S-SP-left-I_00-1.tif,7.329,1325.210,954.313,1323.856,952.960,2.707,2.707
243,20231005-B-S-SP-left-I_00-1.tif,7.329,1292.722,957.021,1291.369,955.667,2.707,2.707
244,20231005-B-S-SP-left-I_00-1.tif,153.916,1635.128,961.662,1627.070,955.667,16.244,13.536
245,20231005-B-S-SP-left-I_00-1.tif,29.317,1590.522,962.435,1586.461,958.374,8.122,8.122
246,20231005-B-S-SP-left-I_00-1.tif,7.329,2053.466,962.435,2052.112,961.082,2.707,2.707
247,20231005-B-S-SP-left-I_00-1.tif,14.659,1173.602,966.496,1172.249,963.789,2.707,5.415
248,20231005-B-S-SP-left-I_00-1.tif,14.659,1643.314,970.557,1640.607,969.203,5.415,2.707
249,20231005-B-S-SP-left-I_00-1.tif,7.329,1585.108,973.264,1583.754,971.911,2.707,2.707
250,20231005-B-S-SP-left-I_00-1.tif,73.293,1183.078,980.574,1177.663,974.618,10.829,10.829
251,20231005-B-S-SP-left-I_00-1.tif,505.723,1556.191,987.154,1543.145,974.618,27.073,24.365
252,20231005-B-S-SP-left-I_00-1.tif,747.591,1606.368,995.188,1581.047,980.032,43.316,35.195
253,20231005-B-S-SP-left-I_00-1.tif,102.610,1409.909,992.409,1402.367,985.447,13.536,13.536
254,20231005-B-S-SP-left-I_00-1.tif,249.197,1235.949,1010.449,1223.687,998.983,21.658,21.658
255,20231005-B-S-SP-left-I_00-1.tif,29.317,1355.666,1001.014,1350.929,998.983,8.122,5.415
256,20231005-B-S-SP-left-I_00-1.tif,2242.772,2007.424,1024.862,1976.309,998.983,62.267,51.438
257,20231005-B-S-SP-left-I_00-1.tif,644.980,1777.232,1018.611,1762.434,1001.691,29.780,32.487
258,20231005-B-S-SP-left-I_00-1.tif,549.699,1043.762,1027.193,1028.763,1012.520,29.780,29.780
259,20231005-B-S-SP-left-I_00-1.tif,7.329,1549.913,1016.581,1548.560,1015.227,2.707,2.707
260,20231005-B-S-SP-left-I_00-1.tif,1377.912,1591.213,1036.684,1570.218,1015.227,43.316,43.316
261,20231005-B-S-SP-left-I_00-1.tif,1934.941,1848.359,1044.074,1821.994,1020.642,54.145,48.731
262,20231005-B-S-SP-left-I_00-1.tif,7.329,1246.699,1024.702,1245.345,1023.349,2.707,2.707
263,20231005-B-S-SP-left-I_00-1.tif,58.635,1307.951,1028.763,1302.198,1023.349,10.829,10.829
264,20231005-B-S-SP-left-I_00-1.tif,762.249,1396.041,1041.987,1378.001,1026.056,35.195,32.487
265,20231005-B-S-SP-left-I_00-1.tif,7.329,1287.308,1030.117,1285.954,1028.763,2.707,2.707
266,20231005-B-S-SP-left-I_00-1.tif,7.329,2215.902,1032.824,2214.548,1031.471,2.707,2.707
267,20231005-B-S-SP-left-I_00-1.tif,29.317,1434.854,1043.653,1429.440,1039.592,10.829,8.122
268,20231005-B-S-SP-left-I_00-1.tif,14.659,1445.683,1045.007,1442.976,1042.300,5.415,5.415
269,20231005-B-S-SP-left-I_00-1.tif,14.659,1349.575,1053.129,1348.221,1050.422,2.707,5.415
270,20231005-B-S-SP-left-I_00-1.tif,7.329,1344.161,1054.482,1342.807,1053.129,2.707,2.707
271,20231005-B-S-SP-left-I_00-1.tif,51.305,1351.896,1060.284,1345.514,1055.836,13.536,8.122
272,20231005-B-S-SP-left-I_00-1.tif,73.293,1431.605,1065.582,1424.025,1061.251,13.536,8.122
273,20231005-B-S-SP-left-I_00-1.tif,1912.953,1579.413,1090.922,1553.974,1066.665,54.145,48.731
274,20231005-B-S-SP-left-I_00-1.tif,7.329,2004.735,1068.019,2003.381,1066.665,2.707,2.707
275,20231005-B-S-SP-left-I_00-1.tif,14.659,2011.503,1076.141,2008.796,1074.787,5.415,2.707
276,20231005-B-S-SP-left-I_00-1.tif,124.598,1342.568,1085.218,1334.685,1080.201,16.244,10.829
277,20231005-B-S-SP-left-I_00-1.tif,124.598,1766.495,1086.173,1759.727,1080.201,16.244,10.829
278,20231005-B-S-SP-left-I_00-1.tif,307.831,1904.501,1093.351,1892.383,1080.201,24.365,21.658
279,20231005-B-S-SP-left-I_00-1.tif,1092.069,1475.999,1103.649,1456.512,1085.616,37.902,35.195
280,20231005-B-S-SP-left-I_00-1.tif,43.976,1998.418,1089.226,1992.552,1085.616,13.536,8.122
281,20231005-B-S-SP-left-I_00-1.tif,7.329,1003.044,1089.677,1001.691,1088.323,2.707,2.707
282,20231005-B-S-SP-left-I_00-1.tif,14.659,1773.263,1096.445,1770.556,1093.738,5.415,5.415
283,20231005-B-S-SP-left-I_00-1.tif,21.988,1787.251,1095.994,1784.092,1093.738,5.415,5.415
284,20231005-B-S-SP-left-I_00-1.tif,146.586,972.181,1105.108,963.789,1099.152,16.244,13.536
285,20231005-B-S-SP-left-I_00-1.tif,7.329,1327.917,1100.506,1326.563,1099.152,2.707,2.707
286,20231005-B-S-SP-left-I_00-1.tif,14.659,1373.941,1101.860,1372.587,1099.152,2.707,5.415
287,20231005-B-S-SP-left-I_00-1.tif,7.329,1379.355,1100.506,1378.001,1099.152,2.707,2.707
288,20231005-B-S-SP-left-I_00-1.tif,21.988,1741.227,1101.408,1738.069,1099.152,5.415,5.415
289,20231005-B-S-SP-left-I_00-1.tif,14.659,1781.385,1100.506,1778.678,1099.152,5.415,2.707
290,20231005-B-S-SP-left-I_00-1.tif,285.844,1237.119,1110.502,1226.394,1101.860,21.658,18.951
291,20231005-B-S-SP-left-I_00-1.tif,7.329,1292.722,1103.213,1291.369,1101.860,2.707,2.707
292,20231005-B-S-SP-left-I_00-1.tif,87.952,2191.311,1108.853,2187.476,1101.860,8.122,13.536
293,20231005-B-S-SP-left-I_00-1.tif,36.647,1772.451,1115.667,1767.849,1112.689,8.122,5.415
294,20231005-B-S-SP-left-I_00-1.tif,7.329,1780.031,1114.042,1778.678,1112.689,2.707,2.707
295,20231005-B-S-SP-left-I_00-1.tif,7.329,1227.748,1119.457,1226.394,1118.103,2.707,2.707
296,20231005-B-S-SP-left-I_00-1.tif,58.635,1164.804,1126.225,1158.712,1120.811,10.829,10.829
297,20231005-B-S-SP-left-I_00-1.tif,322.490,1333.024,1130.840,1318.441,1120.811,24.365,24.365
298,20231005-B-S-SP-left-I_00-1.tif,7.329,1406.428,1124.871,1405.074,1123.518,2.707,2.707
299,20231005-B-S-SP-left-I_00-1.tif,7.329,1141.115,1130.286,1139.761,1128.932,2.707,2.707
300,20231005-B-S-SP-left-I_00-1.tif,7.329,1403.720,1132.993,1402.367,1131.640,2.707,2.707
301,20231005-B-S-SP-left-I_00-1.tif,14.659,1233.162,1137.054,1231.809,1134.347,2.707,5.415
302,20231005-B-S-SP-left-I_00-1.tif,7.329,1325.210,1135.701,1323.856,1134.347,2.707,2.707
303,20231005-B-S-SP-left-I_00-1.tif,7.329,1225.041,1138.408,1223.687,1137.054,2.707,2.707
304,20231005-B-S-SP-left-I_00-1.tif,7.329,1225.041,1143.822,1223.687,1142.469,2.707,2.707
305,20231005-B-S-SP-left-I_00-1.tif,7.329,1230.455,1143.822,1229.101,1142.469,2.707,2.707
306,20231005-B-S-SP-left-I_00-1.tif,7.329,1043.653,1149.237,1042.300,1147.883,2.707,2.707
307,20231005-B-S-SP-left-I_00-1.tif,29.317,1185.785,1149.237,1180.371,1147.883,10.829,2.707
308,20231005-B-S-SP-left-I_00-1.tif,190.562,1091.759,1158.608,1082.909,1150.591,18.951,18.951
309,20231005-B-S-SP-left-I_00-1.tif,65.964,1510.808,1158.863,1505.243,1153.298,10.829,10.829
310,20231005-B-S-SP-left-I_00-1.tif,7.329,1336.039,1160.066,1334.685,1158.712,2.707,2.707
311,20231005-B-S-SP-left-I_00-1.tif,7.329,2137.391,1160.066,2136.038,1158.712,2.707,2.707
312,20231005-B-S-SP-left-I_00-1.tif,256.526,1159.138,1180.564,1147.883,1172.249,21.658,18.951
313,20231005-B-S-SP-left-I_00-1.tif,1260.643,1695.665,1193.183,1673.094,1172.249,54.145,43.316
314,20231005-B-S-SP-left-I_00-1.tif,1751.708,2037.981,1194.128,2011.503,1172.249,54.145,48.731
315,20231005-B-S-SP-left-I_00-1.tif,14.659,1442.976,1183.078,1440.269,1180.371,5.415,5.415
316,20231005-B-S-SP-left-I_00-1.tif,7.329,1476.817,1181.724,1475.463,1180.371,2.707,2.707
317,20231005-B-S-SP-left-I_00-1.tif,87.952,1109.530,1189.620,1104.567,1183.078,10.829,10.829
318,20231005-B-S-SP-left-I_00-1.tif,7.329,1614.888,1184.431,1613.534,1183.078,2.707,2.707
319,20231005-B-S-SP-left-I_00-1.tif,21.988,1650.082,1184.431,1646.021,1183.078,8.122,2.707
320,20231005-B-S-SP-left-I_00-1.tif,1693.073,816.981,1211.785,790.523,1188.492,51.438,46.024
321,20231005-B-S-SP-left-I_00-1.tif,183.233,1440.973,1195.369,1429.440,1188.492,24.365,13.536
322,20231005-B-S-SP-left-I_00-1.tif,249.197,1571.332,1196.535,1556.681,1188.492,32.487,16.244
323,20231005-B-S-SP-left-I_00-1.tif,36.647,1372.316,1193.095,1367.172,1191.200,10.829,5.415
324,20231005-B-S-SP-left-I_00-1.tif,7.329,1647.375,1192.553,1646.021,1191.200,2.707,2.707
325,20231005-B-S-SP-left-I_00-1.tif,7.329,1206.090,1195.261,1204.736,1193.907,2.707,2.707
326,20231005-B-S-SP-left-I_00-1.tif,7.329,1501.182,1195.261,1499.829,1193.907,2.707,2.707
327,20231005-B-S-SP-left-I_00-1.tif,7.329,1303.551,1197.968,1302.198,1196.614,2.707,2.707
328,20231005-B-S-SP-left-I_00-1.tif,329.819,1327.676,1207.173,1315.734,1196.614,24.365,21.658
329,20231005-B-S-SP-left-I_00-1.tif,7.329,1636.546,1197.968,1635.192,1196.614,2.707,2.707
330,20231005-B-S-SP-left-I_00-1.tif,571.687,948.448,1211.296,934.009,1199.321,27.073,24.365
331,20231005-B-S-SP-left-I_00-1.tif,227.209,2077.744,1212.290,2068.356,1202.029,16.244,18.951
332,20231005-B-S-SP-left-I_00-1.tif,14.659,1082.909,1207.443,1080.201,1204.736,5.415,5.415
333,20231005-B-S-SP-left-I_00-1.tif,3657.331,1492.518,1236.635,1456.512,1204.736,73.096,64.975
334,20231005-B-S-SP-left-I_00-1.tif,36.647,1064.770,1213.670,1061.251,1210.151,8.122,8.122
335,20231005-B-S-SP-left-I_00-1.tif,7.329,1284.601,1211.504,1283.247,1210.151,2.707,2.707
336,20231005-B-S-SP-left-I_00-1.tif,1187.350,1404.356,1229.853,1383.416,1210.151,43.316,37.902
337,20231005-B-S-SP-left-I_00-1.tif,36.647,1818.475,1230.455,1813.872,1226.394,8.122,8.122
338,20231005-B-S-SP-left-I_00-1.tif,36.647,1885.073,1232.079,1881.554,1229.101,8.122,5.415
339,20231005-B-S-SP-left-I_00-1.tif,21.988,1111.335,1242.187,1107.274,1239.931,8.122,5.415
340,20231005-B-S-SP-left-I_00-1.tif,7.329,1549.913,1241.284,1548.560,1239.931,2.707,2.707
341,20231005-B-S-SP-left-I_00-1.tif,571.687,641.623,1259.819,628.087,1245.345,27.073,27.073
342,20231005-B-S-SP-left-I_00-1.tif,29.317,1112.689,1249.406,1107.274,1248.052,10.829,2.707
343,20231005-B-S-SP-left-I_00-1.tif,36.647,1320.337,1254.821,1315.734,1250.760,8.122,8.122
344,20231005-B-S-SP-left-I_00-1.tif,43.976,2060.234,1257.077,2052.112,1253.467,16.244,5.415
345,20231005-B-S-SP-left-I_00-1.tif,14.659,1648.729,1258.881,1646.021,1256.174,5.415,5.415
346,20231005-B-S-SP-left-I_00-1.tif,73.293,1663.348,1260.777,1654.143,1256.174,18.951,10.829
347,20231005-B-S-SP-left-I_00-1.tif,7.329,1655.497,1262.942,1654.143,1261.589,2.707,2.707
348,20231005-B-S-SP-left-I_00-1.tif,7.329,2048.051,1262.942,2046.698,1261.589,2.707,2.707
349,20231005-B-S-SP-left-I_00-1.tif,161.245,2055.558,1270.326,2043.990,1261.589,24.365,16.244
350,20231005-B-S-SP-left-I_00-1.tif,87.952,1149.914,1270.839,1145.176,1264.296,10.829,10.829
351,20231005-B-S-SP-left-I_00-1.tif,7.329,1604.059,1265.650,1602.705,1264.296,2.707,2.707
352,20231005-B-S-SP-left-I_00-1.tif,1004.117,1390.145,1285.253,1372.587,1267.003,35.195,37.902
353,20231005-B-S-SP-left-I_00-1.tif,29.317,1668.356,1272.418,1664.972,1267.003,5.415,10.829
354,20231005-B-S-SP-left-I_00-1.tif,447.089,1297.604,1282.115,1285.954,1269.711,24.365,24.365
355,20231005-B-S-SP-left-I_00-1.tif,7.329,1660.911,1271.064,1659.558,1269.711,2.707,2.707
356,20231005-B-S-SP-left-I_00-1.tif,43.976,1603.607,1276.028,1599.998,1272.418,8.122,8.122
357,20231005-B-S-SP-left-I_00-1.tif,21.988,1586.010,1283.698,1583.754,1280.540,5.415,5.415
358,20231005-B-S-SP-left-I_00-1.tif,139.257,553.495,1289.018,546.869,1283.247,13.536,13.536
359,20231005-B-S-SP-left-I_00-1.tif,102.610,1439.882,1299.104,1429.440,1288.661,16.244,16.244
360,20231005-B-S-SP-left-I_00-1.tif,293.173,1921.080,1299.017,1911.334,1288.661,21.658,21.658
361,20231005-B-S-SP-left-I_00-1.tif,109.940,1139.671,1297.595,1134.347,1291.369,10.829,13.536
362,20231005-B-S-SP-left-I_00-1.tif,278.514,1951.444,1303.266,1941.114,1291.369,21.658,24.365
363,20231005-B-S-SP-left-I_00-1.tif,7.329,1111.335,1295.430,1109.981,1294.076,2.707,2.707
364,20231005-B-S-SP-left-I_00-1.tif,87.952,2173.488,1307.612,2168.525,1299.491,8.122,16.244
365,20231005-B-S-SP-left-I_00-1.tif,7.329,1934.346,1303.551,1932.992,1302.198,2.707,2.707
366,20231005-B-S-SP-left-I_00-1.tif,3173.596,1545.518,1342.435,1510.658,1313.027,75.804,56.853
367,20231005-B-S-SP-left-I_00-1.tif,131.928,1917.801,1319.795,1911.334,1313.027,13.536,13.536
368,20231005-B-S-SP-left-I_00-1.tif,29.317,1934.346,1317.088,1930.285,1313.027,8.122,8.122
369,20231005-B-S-SP-left-I_00-1.tif,7.329,2183.415,1314.381,2182.061,1313.027,2.707,2.707
370,20231005-B-S-SP-left-I_00-1.tif,7.329,1956.004,1317.088,1954.650,1315.734,2.707,2.707
371,20231005-B-S-SP-left-I_00-1.tif,14.659,1128.932,1322.502,1126.225,1321.149,5.415,2.707
372,20231005-B-S-SP-left-I_00-1.tif,1011.446,2178.412,1339.688,2160.403,1321.149,35.195,37.902
373,20231005-B-S-SP-left-I_00-1.tif,58.635,1951.605,1329.271,1946.529,1323.856,10.829,10.829
374,20231005-B-S-SP-left-I_00-1.tif,249.197,2122.581,1335.242,2111.672,1323.856,21.658,21.658
375,20231005-B-S-SP-left-I_00-1.tif,7.329,1363.111,1327.917,1361.758,1326.563,2.707,2.707
376,20231005-B-S-SP-left-I_00-1.tif,80.623,1937.053,1333.331,1927.578,1326.563,16.244,10.829
377,20231005-B-S-SP-left-I_00-1.tif,1627.109,1108.433,1351.807,1085.616,1329.271,48.731,46.024
378,20231005-B-S-SP-left-I_00-1.tif,7.329,1425.379,1330.624,1424.025,1329.271,2.707,2.707
379,20231005-B-S-SP-left-I_00-1.tif,513.052,1809.811,1348.376,1792.214,1331.978,35.195,46.024
380,20231005-B-S-SP-left-I_00-1.tif,7.329,1043.653,1336.039,1042.300,1334.685,2.707,2.707
381,20231005-B-S-SP-left-I_00-1.tif,476.406,728.152,1352.324,714.720,1340.100,27.073,24.365
382,20231005-B-S-SP-left-I_00-1.tif,29.317,624.703,1352.959,619.965,1350.929,8.122,5.415
383,20231005-B-S-SP-left-I_00-1.tif,4360.946,1896.917,1391.408,1857.189,1350.929,81.218,81.218
384,20231005-B-S-SP-left-I_00-1.tif,3027.010,1441.721,1384.068,1410.489,1353.636,64.975,62.267
385,20231005-B-S-SP-left-I_00-1.tif,21.988,1484.036,1356.794,1480.878,1353.636,5.415,5.415
386,20231005-B-S-SP-left-I_00-1.tif,7.329,1812.519,1357.697,1811.165,1356.343,2.707,2.707
387,20231005-B-S-SP-left-I_00-1.tif,1275.302,961.844,1380.117,942.131,1359.051,40.609,40.609
388,20231005-B-S-SP-left-I_00-1.tif,7.329,1698.813,1360.404,1697.459,1359.051,2.707,2.707
389,20231005-B-S-SP-left-I_00-1.tif,7.329,1804.397,1360.404,1803.043,1359.051,2.707,2.707
390,20231005-B-S-SP-left-I_00-1.tif,58.635,1216.580,1368.188,1212.858,1364.465,8.122,8.122
391,20231005-B-S-SP-left-I_00-1.tif,95.281,1295.013,1370.817,1288.661,1364.465,10.829,13.536
392,20231005-B-S-SP-left-I_00-1.tif,80.623,1342.438,1369.264,1337.392,1364.465,10.829,10.829
393,20231005-B-S-SP-left-I_00-1.tif,7.329,1793.568,1368.526,1792.214,1367.172,2.707,2.707
394,20231005-B-S-SP-left-I_00-1.tif,21.988,1975.857,1369.428,1973.601,1367.172,5.415,5.415
395,20231005-B-S-SP-left-I_00-1.tif,58.635,1701.520,1376.309,1697.459,1372.587,10.829,8.122
396,20231005-B-S-SP-left-I_00-1.tif,139.257,2034.087,1381.635,2027.747,1375.294,13.536,13.536
397,20231005-B-S-SP-left-I_00-1.tif,593.675,691.808,1400.612,676.818,1386.123,29.780,29.780
398,20231005-B-S-SP-left-I_00-1.tif,7.329,1292.722,1401.013,1291.369,1399.660,2.707,2.707
399,20231005-B-S-SP-left-I_00-1.tif,1121.386,1170.789,1431.678,1147.883,1405.074,43.316,48.731
400,20231005-B-S-SP-left-I_00-1.tif,73.293,1352.553,1413.196,1345.514,1407.781,13.536,10.829
401,20231005-B-S-SP-left-I_00-1.tif,1326.607,1803.395,1428.998,1781.385,1410.489,46.024,37.902
402,20231005-B-S-SP-left-I_00-1.tif,212.550,1388.410,1431.073,1380.709,1421.318,16.244,18.951
403,20231005-B-S-SP-left-I_00-1.tif,73.293,1267.815,1428.898,1261.589,1424.025,10.829,10.829
404,20231005-B-S-SP-left-I_00-1.tif,43.976,1309.417,1447.037,1304.905,1442.976,8.122,8.122
405,20231005-B-S-SP-left-I_00-1.tif,923.494,1465.558,1461.755,1448.390,1442.976,35.195,37.902
406,20231005-B-S-SP-left-I_00-1.tif,14.659,1428.086,1456.512,1426.732,1453.805,2.707,5.415
407,20231005-B-S-SP-left-I_00-1.tif,146.586,1263.078,1463.551,1256.174,1456.512,13.536,13.536
408,20231005-B-S-SP-left-I_00-1.tif,454.418,1368.351,1473.629,1353.636,1459.220,27.073,27.073
409,20231005-B-S-SP-left-I_00-1.tif,2125.503,1565.783,1487.338,1537.730,1461.927,56.853,48.731
410,20231005-B-S-SP-left-I_00-1.tif,7.329,1354.990,1471.402,1353.636,1470.049,2.707,2.707
411,20231005-B-S-SP-left-I_00-1.tif,7.329,981.386,1474.110,980.032,1472.756,2.707,2.707
412,20231005-B-S-SP-left-I_00-1.tif,7.329,954.313,1482.231,952.960,1480.878,2.707,2.707
413,20231005-B-S-SP-left-I_00-1.tif,7.329,951.606,1490.353,950.252,1489.000,2.707,2.707
414,20231005-B-S-SP-left-I_00-1.tif,7.329,1108.628,1493.060,1107.274,1491.707,2.707,2.707
415,20231005-B-S-SP-left-I_00-1.tif,29.317,1840.945,1495.768,1835.530,1491.707,10.829,8.122
416,20231005-B-S-SP-left-I_00-1.tif,535.040,2082.170,1506.078,2068.356,1491.707,27.073,27.073
417,20231005-B-S-SP-left-I_00-1.tif,36.647,2017.188,1498.475,2014.210,1494.414,8.122,8.122
418,20231005-B-S-SP-left-I_00-1.tif,7.329,1853.128,1498.475,1851.774,1497.121,2.707,2.707
419,20231005-B-S-SP-left-I_00-1.tif,7.329,1861.249,1501.182,1859.896,1499.829,2.707,2.707
420,20231005-B-S-SP-left-I_00-1.tif,43.976,2021.881,1507.950,2019.625,1502.536,5.415,10.829
421,20231005-B-S-SP-left-I_00-1.tif,754.920,1642.565,1520.606,1627.070,1505.243,32.487,29.780
422,20231005-B-S-SP-left-I_00-1.tif,14.659,1851.774,1507.950,1849.067,1505.243,5.415,5.415
423,20231005-B-S-SP-left-I_00-1.tif,820.884,1320.158,1530.527,1304.905,1510.658,32.487,37.902
424,20231005-B-S-SP-left-I_00-1.tif,102.610,733.477,1519.746,725.549,1513.365,16.244,10.829
425,20231005-B-S-SP-left-I_00-1.tif,7.329,1853.128,1514.719,1851.774,1513.365,2.707,2.707
426,20231005-B-S-SP-left-I_00-1.tif,7.329,1845.006,1517.426,1843.652,1516.072,2.707,2.707
427,20231005-B-S-SP-left-I_00-1.tif,65.964,1856.437,1522.540,1851.774,1516.072,8.122,10.829
428,20231005-B-S-SP-left-I_00-1.tif,227.209,963.570,1534.892,950.252,1521.487,24.365,24.365
429,20231005-B-S-SP-left-I_00-1.tif,7.329,1845.006,1525.548,1843.652,1524.194,2.707,2.707
430,20231005-B-S-SP-left-I_00-1.tif,7.329,2015.564,1525.548,2014.210,1524.194,2.707,2.707
431,20231005-B-S-SP-left-I_00-1.tif,7.329,732.317,1528.255,730.963,1526.901,2.707,2.707
432,20231005-B-S-SP-left-I_00-1.tif,43.976,1448.842,1529.609,1442.976,1526.901,10.829,5.415
433,20231005-B-S-SP-left-I_00-1.tif,7.329,1839.591,1528.255,1838.238,1526.901,2.707,2.707
434,20231005-B-S-SP-left-I_00-1.tif,7.329,637.563,1530.962,636.209,1529.609,2.707,2.707
435,20231005-B-S-SP-left-I_00-1.tif,29.317,1842.975,1532.993,1838.238,1529.609,8.122,5.415
436,20231005-B-S-SP-left-I_00-1.tif,21.988,2030.905,1532.767,2027.747,1529.609,5.415,5.415
437,20231005-B-S-SP-left-I_00-1.tif,7.329,629.441,1533.670,628.087,1532.316,2.707,2.707
438,20231005-B-S-SP-left-I_00-1.tif,95.281,1294.388,1538.459,1288.661,1532.316,10.829,10.829
439,20231005-B-S-SP-left-I_00-1.tif,7.329,1847.713,1539.084,1846.359,1537.730,2.707,2.707
440,20231005-B-S-SP-left-I_00-1.tif,7.329,1834.177,1541.791,1832.823,1540.438,2.707,2.707
441,20231005-B-S-SP-left-I_00-1.tif,1004.117,1141.155,1566.315,1123.518,1548.560,37.902,35.195
442,20231005-B-S-SP-left-I_00-1.tif,14.659,1572.925,1552.620,1570.218,1551.267,5.415,2.707
443,20231005-B-S-SP-left-I_00-1.tif,14.659,1109.981,1555.328,1107.274,1553.974,5.415,2.707
444,20231005-B-S-SP-left-I_00-1.tif,1539.157,855.498,1578.894,833.840,1556.681,43.316,46.024
445,20231005-B-S-SP-left-I_00-1.tif,7.329,1449.744,1560.742,1448.390,1559.389,2.707,2.707
446,20231005-B-S-SP-left-I_00-1.tif,373.795,2146.787,1574.916,2136.038,1562.096,21.658,27.073
447,20231005-B-S-SP-left-I_00-1.tif,73.293,1610.827,1580.235,1605.412,1575.632,10.829,8.122
448,20231005-B-S-SP-left-I_00-1.tif,644.980,1668.910,1600.428,1654.143,1583.754,29.780,35.195
449,20231005-B-S-SP-left-I_00-1.tif,7.329,1379.355,1595.937,1378.001,1594.583,2.707,2.707
450,20231005-B-S-SP-left-I_00-1.tif,43.976,1382.965,1604.059,1378.001,1599.998,8.122,8.122
451,20231005-B-S-SP-left-I_00-1.tif,7.329,1877.493,1604.059,1876.139,1602.705,2.707,2.707
452,20231005-B-S-SP-left-I_00-1.tif,7.329,1866.664,1606.766,1865.310,1605.412,2.707,2.707
453,20231005-B-S-SP-left-I_00-1.tif,87.952,1865.310,1617.595,1857.189,1610.827,16.244,13.536
454,20231005-B-S-SP-left-I_00-1.tif,7.329,1858.542,1620.302,1857.189,1618.949,2.707,2.707
455,20231005-B-S-SP-left-I_00-1.tif,1715.061,829.143,1658.586,804.060,1627.070,43.316,64.975
456,20231005-B-S-SP-left-I_00-1.tif,219.880,1435.305,1653.331,1426.732,1646.021,16.244,16.244
457,20231005-B-S-SP-left-I_00-1.tif,29.317,2091.368,1654.820,2087.307,1651.436,8.122,5.415
458,20231005-B-S-SP-left-I_00-1.tif,65.964,2106.709,1657.903,2100.843,1651.436,10.829,13.536
459,20231005-B-S-SP-left-I_00-1.tif,7.329,1135.701,1658.204,1134.347,1656.850,2.707,2.707
460,20231005-B-S-SP-left-I_00-1.tif,95.281,1868.330,1664.868,1862.603,1656.850,10.829,13.536
461,20231005-B-S-SP-left-I_00-1.tif,7.329,1130.286,1660.911,1128.932,1659.558,2.707,2.707
462,20231005-B-S-SP-left-I_00-1.tif,14.659,2115.733,1662.265,2114.379,1659.558,2.707,5.415
463,20231005-B-S-SP-left-I_00-1.tif,7.329,1138.408,1666.326,1137.054,1664.972,2.707,2.707
464,20231005-B-S-SP-left-I_00-1.tif,2169.479,1668.475,1690.362,1640.607,1664.972,59.560,54.145
465,20231005-B-S-SP-left-I_00-1.tif,29.317,2106.258,1667.680,2100.843,1664.972,10.829,5.415
466,20231005-B-S-SP-left-I_00-1.tif,7.329,2096.782,1669.033,2095.428,1667.680,2.707,2.707
467,20231005-B-S-SP-left-I_00-1.tif,7.329,1135.701,1671.740,1134.347,1670.387,2.707,2.707
468,20231005-B-S-SP-left-I_00-1.tif,7.329,1568.864,1671.740,1567.510,1670.387,2.707,2.707
469,20231005-B-S-SP-left-I_00-1.tif,51.305,2085.180,1674.061,2076.478,1670.387,16.244,8.122
470,20231005-B-S-SP-left-I_00-1.tif,7.329,2102.197,1671.740,2100.843,1670.387,2.707,2.707
471,20231005-B-S-SP-left-I_00-1.tif,7.329,2096.782,1674.448,2095.428,1673.094,2.707,2.707
472,20231005-B-S-SP-left-I_00-1.tif,7.329,2094.075,1679.862,2092.721,1678.509,2.707,2.707
473,20231005-B-S-SP-left-I_00-1.tif,58.635,2092.383,1688.322,2084.599,1683.923,13.536,8.122
474,20231005-B-S-SP-left-I_00-1.tif,7.329,2118.440,1687.984,2117.087,1686.630,2.707,2.707
475,20231005-B-S-SP-left-I_00-1.tif,1517.170,871.251,1712.781,847.376,1692.045,46.024,43.316
476,20231005-B-S-SP-left-I_00-1.tif,21.988,1640.156,1696.106,1637.900,1692.045,5.415,8.122
477,20231005-B-S-SP-left-I_00-1.tif,7.329,2088.660,1696.106,2087.307,1694.752,2.707,2.707
478,20231005-B-S-SP-left-I_00-1.tif,2330.724,2187.859,1723.860,2160.403,1694.752,54.145,59.560
479,20231005-B-S-SP-left-I_00-1.tif,263.856,1152.471,1706.409,1142.469,1697.459,18.951,18.951
480,20231005-B-S-SP-left-I_00-1.tif,7.329,1706.935,1715.057,1705.581,1713.703,2.707,2.707
481,20231005-B-S-SP-left-I_00-1.tif,14.659,1459.220,1725.886,1456.512,1724.532,5.415,2.707
482,20231005-B-S-SP-left-I_00-1.tif,21.988,1817.933,1728.593,1813.872,1727.239,8.122,2.707
483,20231005-B-S-SP-left-I_00-1.tif,263.856,1026.056,1743.182,1015.227,1729.947,21.658,24.365
484,20231005-B-S-SP-left-I_00-1.tif,1898.294,1344.046,1752.938,1318.441,1729.947,51.438,48.731
485,20231005-B-S-SP-left-I_00-1.tif,65.964,1939.760,1756.267,1935.699,1751.605,8.122,10.829
486,20231005-B-S-SP-left-I_00-1.tif,1781.025,1594.711,1780.243,1570.218,1754.312,48.731,51.438
487,20231005-B-S-SP-left-I_00-1.tif,21.988,678.172,1760.178,674.111,1757.019,8.122,5.415
488,20231005-B-S-SP-left-I_00-1.tif,175.904,682.909,1774.842,674.111,1762.434,16.244,21.658
489,20231005-B-S-SP-left-I_00-1.tif,1978.917,1888.202,1782.007,1854.481,1762.434,70.389,46.024
490,20231005-B-S-SP-left-I_00-1.tif,7.329,670.050,1766.495,668.696,1765.141,2.707,2.707
491,20231005-B-S-SP-left-I_00-1.tif,29.317,1224.364,1787.476,1220.980,1784.092,8.122,5.415
492,20231005-B-S-SP-left-I_00-1.tif,21.988,1274.674,1799.885,1272.418,1797.629,5.415,5.415
493,20231005-B-S-SP-left-I_00-1.tif,29.317,1798.982,1809.134,1794.921,1805.750,8.122,5.415
494,20231005-B-S-SP-left-I_00-1.tif,36.647,2148.762,1822.265,2144.159,1819.287,8.122,5.415
495,20231005-B-S-SP-left-I_00-1.tif,58.635,1379.355,1833.838,1375.294,1830.116,10.829,8.122
496,20231005-B-S-SP-left-I_00-1.tif,7.329,1392.891,1831.469,1391.538,1830.116,2.707,2.707
497,20231005-B-S-SP-left-I_00-1.tif,14.659,1937.053,1832.823,1935.699,1830.116,2.707,5.415
498,20231005-B-S-SP-left-I_00-1.tif,21.988,1370.331,1835.982,1367.172,1832.823,5.415,5.415
499,20231005-B-S-SP-left-I_00-1.tif,7.329,1945.175,1839.591,1943.821,1838.238,2.707,2.707
500,20231005-B-S-SP-left-I_00-1.tif,14.659,1954.650,1843.652,1951.943,1840.945,5.415,5.415
501,20231005-B-S-SP-left-I_00-1.tif,7.329,829.779,1845.006,828.425,1843.652,2.707,2.707
502,20231005-B-S-SP-left-I_00-1.tif,7.329,843.315,1845.006,841.962,1843.652,2.707,2.707
503,20231005-B-S-SP-left-I_00-1.tif,7.329,1295.430,1850.420,1294.076,1849.067,2.707,2.707
504,20231005-B-S-SP-left-I_00-1.tif,7.329,1964.126,1850.420,1962.772,1849.067,2.707,2.707
505,20231005-B-S-SP-left-I_00-1.tif,7.329,835.193,1853.128,833.840,1851.774,2.707,2.707
506,20231005-B-S-SP-left-I_00-1.tif,7.329,1953.297,1853.128,1951.943,1851.774,2.707,2.707
507,20231005-B-S-SP-left-I_00-1.tif,7.329,1300.844,1855.835,1299.491,1854.481,2.707,2.707
508,20231005-B-S-SP-left-I_00-1.tif,51.305,1931.252,1859.316,1924.870,1854.481,10.829,8.122
509,20231005-B-S-SP-left-I_00-1.tif,7.329,1939.760,1855.835,1938.407,1854.481,2.707,2.707
510,20231005-B-S-SP-left-I_00-1.tif,7.329,1966.833,1855.835,1965.479,1854.481,2.707,2.707
511,20231005-B-S-SP-left-I_00-1.tif,7.329,1290.015,1858.542,1288.661,1857.189,2.707,2.707
512,20231005-B-S-SP-left-I_00-1.tif,80.623,1906.781,1862.726,1900.505,1857.189,10.829,10.829
513,20231005-B-S-SP-left-I_00-1.tif,7.329,1947.882,1858.542,1946.529,1857.189,2.707,2.707
514,20231005-B-S-SP-left-I_00-1.tif,7.329,1964.126,1861.249,1962.772,1859.896,2.707,2.707
515,20231005-B-S-SP-left-I_00-1.tif,7.329,1281.893,1863.957,1280.540,1862.603,2.707,2.707
516,20231005-B-S-SP-left-I_00-1.tif,7.329,1679.862,1863.957,1678.509,1862.603,2.707,2.707
517,20231005-B-S-SP-left-I_00-1.tif,21.988,1292.722,1867.566,1288.661,1865.310,8.122,5.415
518,20231005-B-S-SP-left-I_00-1.tif,7.329,1964.126,1869.371,1962.772,1868.018,2.707,2.707
519,20231005-B-S-SP-left-I_00-1.tif,168.574,1919.397,1879.730,1911.334,1873.432,18.951,13.536
520,20231005-B-S-SP-left-I_00-1.tif,7.329,1961.419,1874.786,1960.065,1873.432,2.707,2.707
521,20231005-B-S-SP-left-I_00-1.tif,7.329,1956.004,1880.200,1954.650,1878.847,2.707,2.707
522,20231005-B-S-SP-left-I_00-1.tif,7.329,1942.468,1882.908,1941.114,1881.554,2.707,2.707
523,20231005-B-S-SP-left-I_00-1.tif,7.329,1950.589,1882.908,1949.236,1881.554,2.707,2.707
524,20231005-B-S-SP-left-I_00-1.tif,7.329,1942.468,1888.322,1941.114,1886.969,2.707,2.707
525,20231005-B-S-SP-left-I_00-1.tif,7.329,1934.346,1891.029,1932.992,1889.676,2.707,2.707
