 ,Label,Area,X,Y,BX,BY,Width,Height,,distance from edge (nm),Diamater (nm)
1,0.14;100%;1P;I03-1.tif,29.491,825.6,7.68,821.76,3.84,7.68,7.68,,3725.6,7.68
2,0.14;100%;1P;I03-1.tif,14.746,1257.6,5.76,1255.68,3.84,3.84,3.84,,4157.6,3.84
3,0.14;100%;1P;I03-1.tif,14.746,2298.24,5.76,2296.32,3.84,3.84,3.84,,5198.24,3.84
4,0.14;100%;1P;I03-1.tif,29.491,426.24,9.6,422.4,7.68,7.68,3.84,,3326.24,7.68
5,0.14;100%;1P;I03-1.tif,14.746,1395.84,9.6,1393.92,7.68,3.84,3.84,,4295.84,3.84
6,0.14;100%;1P;I03-1.tif,103.219,2124.343,13.44,2119.68,7.68,11.52,11.52,,5024.343,11.52
7,0.14;100%;1P;I03-1.tif,14.746,2966.4,9.6,2964.48,7.68,3.84,3.84,,5866.4,3.84
8,0.14;100%;1P;I03-1.tif,14.746,1403.52,13.44,1401.6,11.52,3.84,3.84,,4303.52,3.84
9,0.14;100%;1P;I03-1.tif,14.746,2302.08,13.44,2300.16,11.52,3.84,3.84,,5202.08,3.84
10,0.14;100%;1P;I03-1.tif,14.746,2908.8,13.44,2906.88,11.52,3.84,3.84,,5808.8,3.84
11,0.14;100%;1P;I03-1.tif,162.202,1941.12,21.12,1931.52,15.36,19.2,11.52,,4841.12,19.2
12,0.14;100%;1P;I03-1.tif,14.746,2244.48,17.28,2242.56,15.36,3.84,3.84,,5144.48,3.84
13,0.14;100%;1P;I03-1.tif,117.965,2719.68,21.12,2711.04,15.36,15.36,11.52,,5619.68,15.36
14,0.14;100%;1P;I03-1.tif,14.746,2916.48,17.28,2914.56,15.36,3.84,3.84,,5816.48,3.84
15,0.14;100%;1P;I03-1.tif,14.746,2924.16,21.12,2922.24,19.2,3.84,3.84,,5824.16,3.84
16,0.14;100%;1P;I03-1.tif,14.746,2939.52,21.12,2937.6,19.2,3.84,3.84,,5839.52,3.84
17,0.14;100%;1P;I03-1.tif,14.746,2962.56,21.12,2960.64,19.2,3.84,3.84,,5862.56,3.84
18,0.14;100%;1P;I03-1.tif,14.746,670.08,24.96,668.16,23.04,3.84,3.84,,3570.08,3.84
19,0.14;100%;1P;I03-1.tif,14.746,3135.36,24.96,3133.44,23.04,3.84,3.84,,6035.36,3.84
20,0.14;100%;1P;I03-1.tif,14.746,1464.96,32.64,1463.04,30.72,3.84,3.84,,4364.96,3.84
21,0.14;100%;1P;I03-1.tif,147.456,981.888,45.696,975.36,34.56,11.52,19.2,,3881.888,11.52
22,0.14;100%;1P;I03-1.tif,29.491,2112,38.4,2108.16,34.56,7.68,7.68,,5012,7.68
23,0.14;100%;1P;I03-1.tif,14.746,216.96,40.32,215.04,38.4,3.84,3.84,,3116.96,3.84
24,0.14;100%;1P;I03-1.tif,14.746,470.4,40.32,468.48,38.4,3.84,3.84,,3370.4,3.84
25,0.14;100%;1P;I03-1.tif,14.746,2378.88,40.32,2376.96,38.4,3.84,3.84,,5278.88,3.84
26,0.14;100%;1P;I03-1.tif,14.746,270.72,44.16,268.8,42.24,3.84,3.84,,3170.72,3.84
27,0.14;100%;1P;I03-1.tif,29.491,1094.4,44.16,1090.56,42.24,7.68,3.84,,3994.4,7.68
28,0.14;100%;1P;I03-1.tif,14.746,1841.28,44.16,1839.36,42.24,3.84,3.84,,4741.28,3.84
29,0.14;100%;1P;I03-1.tif,14.746,2870.4,44.16,2868.48,42.24,3.84,3.84,,5770.4,3.84
30,0.14;100%;1P;I03-1.tif,162.202,1177.658,53.935,1171.2,46.08,15.36,15.36,,4077.658,15.36
31,0.14;100%;1P;I03-1.tif,14.746,3012.48,48,3010.56,46.08,3.84,3.84,,5912.48,3.84
32,0.14;100%;1P;I03-1.tif,162.202,521.367,55.68,510.72,49.92,19.2,11.52,,3421.367,19.2
33,0.14;100%;1P;I03-1.tif,58.982,921.6,55.68,917.76,49.92,7.68,11.52,,3821.6,7.68
34,0.14;100%;1P;I03-1.tif,29.491,2355.84,53.76,2353.92,49.92,3.84,7.68,,5255.84,3.84
35,0.14;100%;1P;I03-1.tif,88.474,2370.56,56.32,2361.6,49.92,15.36,11.52,,5270.56,15.36
36,0.14;100%;1P;I03-1.tif,14.746,3104.64,55.68,3102.72,53.76,3.84,3.84,,6004.64,3.84
37,0.14;100%;1P;I03-1.tif,14.746,451.2,59.52,449.28,57.6,3.84,3.84,,3351.2,3.84
38,0.14;100%;1P;I03-1.tif,14.746,1203.84,59.52,1201.92,57.6,3.84,3.84,,4103.84,3.84
39,0.14;100%;1P;I03-1.tif,265.421,1719.04,65.92,1708.8,57.6,23.04,19.2,,4619.04,23.04
40,0.14;100%;1P;I03-1.tif,44.237,195.2,65.92,192,61.44,7.68,7.68,,3095.2,7.68
41,0.14;100%;1P;I03-1.tif,58.982,723.84,65.28,718.08,61.44,11.52,7.68,,3623.84,11.52
42,0.14;100%;1P;I03-1.tif,14.746,128.64,67.2,126.72,65.28,3.84,3.84,,3028.64,3.84
43,0.14;100%;1P;I03-1.tif,14.746,1549.44,71.04,1547.52,69.12,3.84,3.84,,4449.44,3.84
44,0.14;100%;1P;I03-1.tif,29.491,2234.88,72.96,2231.04,69.12,7.68,7.68,,5134.88,7.68
45,0.14;100%;1P;I03-1.tif,44.237,2917.76,73.6,2914.56,69.12,7.68,7.68,,5817.76,7.68
46,0.14;100%;1P;I03-1.tif,14.746,3611.52,71.04,3609.6,69.12,3.84,3.84,,6511.52,3.84
47,0.14;100%;1P;I03-1.tif,14.746,2985.6,74.88,2983.68,72.96,3.84,3.84,,5885.6,3.84
48,0.14;100%;1P;I03-1.tif,235.93,3286.32,82.56,3275.52,72.96,19.2,19.2,,6186.32,19.2
49,0.14;100%;1P;I03-1.tif,88.474,211.84,80.64,203.52,76.8,15.36,11.52,,3111.84,15.36
50,0.14;100%;1P;I03-1.tif,1415.578,568.68,99.04,545.28,76.8,46.08,42.24,,3468.68,46.08
51,0.14;100%;1P;I03-1.tif,14.746,1015.68,78.72,1013.76,76.8,3.84,3.84,,3915.68,3.84
52,0.14;100%;1P;I03-1.tif,191.693,1607.631,85.809,1601.28,76.8,15.36,19.2,,4507.631,15.36
53,0.14;100%;1P;I03-1.tif,44.237,1718.4,80,1712.64,76.8,11.52,7.68,,4618.4,11.52
54,0.14;100%;1P;I03-1.tif,29.491,2023.68,78.72,2019.84,76.8,7.68,3.84,,4923.68,7.68
55,0.14;100%;1P;I03-1.tif,14.746,2624.64,78.72,2622.72,76.8,3.84,3.84,,5524.64,3.84
56,0.14;100%;1P;I03-1.tif,88.474,798.72,87.68,791.04,80.64,15.36,11.52,,3698.72,15.36
57,0.14;100%;1P;I03-1.tif,147.456,1781.376,89.472,1774.08,80.64,15.36,15.36,,4681.376,15.36
58,0.14;100%;1P;I03-1.tif,73.728,2426.496,86.4,2423.04,80.64,7.68,11.52,,5326.496,7.68
59,0.14;100%;1P;I03-1.tif,117.965,112.8,91.68,103.68,84.48,15.36,15.36,,3012.8,15.36
60,0.14;100%;1P;I03-1.tif,14.746,228.48,86.4,226.56,84.48,3.84,3.84,,3128.48,3.84
61,0.14;100%;1P;I03-1.tif,14.746,1157.76,90.24,1155.84,88.32,3.84,3.84,,4057.76,3.84
62,0.14;100%;1P;I03-1.tif,14.746,1545.6,90.24,1543.68,88.32,3.84,3.84,,4445.6,3.84
63,0.14;100%;1P;I03-1.tif,14.746,439.68,94.08,437.76,92.16,3.84,3.84,,3339.68,3.84
64,0.14;100%;1P;I03-1.tif,14.746,1380.48,94.08,1378.56,92.16,3.84,3.84,,4280.48,3.84
65,0.14;100%;1P;I03-1.tif,14.746,1618.56,94.08,1616.64,92.16,3.84,3.84,,4518.56,3.84
66,0.14;100%;1P;I03-1.tif,14.746,286.08,97.92,284.16,96,3.84,3.84,,3186.08,3.84
67,0.14;100%;1P;I03-1.tif,294.912,1418.496,105.792,1401.6,96,30.72,23.04,,4318.496,30.72
68,0.14;100%;1P;I03-1.tif,14.746,2908.8,97.92,2906.88,96,3.84,3.84,,5808.8,3.84
69,0.14;100%;1P;I03-1.tif,29.491,3252.48,97.92,3248.64,96,7.68,3.84,,6152.48,7.68
70,0.14;100%;1P;I03-1.tif,14.746,3580.8,97.92,3578.88,96,3.84,3.84,,6480.8,3.84
71,0.14;100%;1P;I03-1.tif,14.746,3054.72,101.76,3052.8,99.84,3.84,3.84,,5954.72,3.84
72,0.14;100%;1P;I03-1.tif,14.746,1180.8,105.6,1178.88,103.68,3.84,3.84,,4080.8,3.84
73,0.14;100%;1P;I03-1.tif,14.746,1691.52,105.6,1689.6,103.68,3.84,3.84,,4591.52,3.84
74,0.14;100%;1P;I03-1.tif,14.746,1991.04,105.6,1989.12,103.68,3.84,3.84,,4891.04,3.84
75,0.14;100%;1P;I03-1.tif,73.728,2644.608,107.136,2638.08,103.68,11.52,7.68,,5544.608,11.52
76,0.14;100%;1P;I03-1.tif,44.237,1270.4,112,1267.2,107.52,7.68,7.68,,4170.4,7.68
77,0.14;100%;1P;I03-1.tif,162.202,2141.149,115.375,2131.2,107.52,19.2,15.36,,5041.149,19.2
78,0.14;100%;1P;I03-1.tif,103.219,1024.457,122.606,1017.6,115.2,11.52,15.36,,3924.457,11.52
79,0.14;100%;1P;I03-1.tif,103.219,1411.2,120.96,1401.6,115.2,19.2,11.52,,4311.2,19.2
80,0.14;100%;1P;I03-1.tif,14.746,1184.64,120.96,1182.72,119.04,3.84,3.84,,4084.64,3.84
81,0.14;100%;1P;I03-1.tif,29.491,2743.68,126.72,2741.76,122.88,3.84,7.68,,5643.68,3.84
82,0.14;100%;1P;I03-1.tif,14.746,3027.84,128.64,3025.92,126.72,3.84,3.84,,5927.84,3.84
83,0.14;100%;1P;I03-1.tif,14.746,639.36,132.48,637.44,130.56,3.84,3.84,,3539.36,3.84
84,0.14;100%;1P;I03-1.tif,29.491,604.8,138.24,602.88,134.4,3.84,7.68,,3504.8,3.84
85,0.14;100%;1P;I03-1.tif,14.746,1319.04,136.32,1317.12,134.4,3.84,3.84,,4219.04,3.84
86,0.14;100%;1P;I03-1.tif,14.746,2313.6,136.32,2311.68,134.4,3.84,3.84,,5213.6,3.84
87,0.14;100%;1P;I03-1.tif,14.746,3104.64,136.32,3102.72,134.4,3.84,3.84,,6004.64,3.84
88,0.14;100%;1P;I03-1.tif,14.746,3127.68,136.32,3125.76,134.4,3.84,3.84,,6027.68,3.84
89,0.14;100%;1P;I03-1.tif,14.746,3300.48,136.32,3298.56,134.4,3.84,3.84,,6200.48,3.84
90,0.14;100%;1P;I03-1.tif,235.93,1756.08,148.8,1747.2,138.24,19.2,19.2,,4656.08,19.2
91,0.14;100%;1P;I03-1.tif,191.693,2210.511,144.886,2200.32,138.24,19.2,15.36,,5110.511,19.2
92,0.14;100%;1P;I03-1.tif,117.965,1005.12,150.72,998.4,142.08,11.52,15.36,,3905.12,11.52
93,0.14;100%;1P;I03-1.tif,29.491,2050.56,145.92,2046.72,142.08,7.68,7.68,,4950.56,7.68
94,0.14;100%;1P;I03-1.tif,14.746,1541.76,147.84,1539.84,145.92,3.84,3.84,,4441.76,3.84
95,0.14;100%;1P;I03-1.tif,14.746,904.32,151.68,902.4,149.76,3.84,3.84,,3804.32,3.84
96,0.14;100%;1P;I03-1.tif,176.947,1778.56,156.16,1770.24,149.76,19.2,15.36,,4678.56,19.2
97,0.14;100%;1P;I03-1.tif,14.746,808.32,155.52,806.4,153.6,3.84,3.84,,3708.32,3.84
98,0.14;100%;1P;I03-1.tif,14.746,2474.88,155.52,2472.96,153.6,3.84,3.84,,5374.88,3.84
99,0.14;100%;1P;I03-1.tif,88.474,1088,163.2,1082.88,157.44,11.52,11.52,,3988,11.52
100,0.14;100%;1P;I03-1.tif,14.746,1119.36,159.36,1117.44,157.44,3.84,3.84,,4019.36,3.84
101,0.14;100%;1P;I03-1.tif,88.474,1621.76,161.92,1616.64,157.44,11.52,11.52,,4521.76,11.52
102,0.14;100%;1P;I03-1.tif,14.746,1653.12,159.36,1651.2,157.44,3.84,3.84,,4553.12,3.84
103,0.14;100%;1P;I03-1.tif,14.746,2309.76,159.36,2307.84,157.44,3.84,3.84,,5209.76,3.84
104,0.14;100%;1P;I03-1.tif,14.746,2778.24,159.36,2776.32,157.44,3.84,3.84,,5678.24,3.84
105,0.14;100%;1P;I03-1.tif,103.219,2934.034,163.749,2926.08,157.44,15.36,11.52,,5834.034,15.36
106,0.14;100%;1P;I03-1.tif,44.237,196.48,168.32,192,165.12,7.68,7.68,,3096.48,7.68
107,0.14;100%;1P;I03-1.tif,73.728,1330.56,174.72,1324.8,168.96,11.52,11.52,,4230.56,11.52
108,0.14;100%;1P;I03-1.tif,29.491,1547.52,172.8,1543.68,168.96,7.68,7.68,,4447.52,7.68
109,0.14;100%;1P;I03-1.tif,162.202,2655.011,182.4,2641.92,172.8,26.88,15.36,,5555.011,26.88
110,0.14;100%;1P;I03-1.tif,14.746,2908.8,174.72,2906.88,172.8,3.84,3.84,,5808.8,3.84
111,0.14;100%;1P;I03-1.tif,162.202,1432.495,185.193,1424.64,176.64,15.36,19.2,,4332.495,15.36
112,0.14;100%;1P;I03-1.tif,58.982,1937.28,180.48,1931.52,176.64,11.52,7.68,,4837.28,11.52
113,0.14;100%;1P;I03-1.tif,29.491,2580.48,180.48,2576.64,176.64,7.68,7.68,,5480.48,7.68
114,0.14;100%;1P;I03-1.tif,14.746,2513.28,182.4,2511.36,180.48,3.84,3.84,,5413.28,3.84
115,0.14;100%;1P;I03-1.tif,14.746,1545.6,190.08,1543.68,188.16,3.84,3.84,,4445.6,3.84
116,0.14;100%;1P;I03-1.tif,14.746,992.64,193.92,990.72,192,3.84,3.84,,3892.64,3.84
117,0.14;100%;1P;I03-1.tif,265.421,971.093,204.16,960,195.84,19.2,19.2,,3871.093,19.2
118,0.14;100%;1P;I03-1.tif,58.982,1776.96,201.6,1774.08,195.84,7.68,11.52,,4676.96,7.68
119,0.14;100%;1P;I03-1.tif,14.746,2117.76,197.76,2115.84,195.84,3.84,3.84,,5017.76,3.84
120,0.14;100%;1P;I03-1.tif,14.746,2125.44,201.6,2123.52,199.68,3.84,3.84,,5025.44,3.84
121,0.14;100%;1P;I03-1.tif,14.746,3500.16,201.6,3498.24,199.68,3.84,3.84,,6400.16,3.84
122,0.14;100%;1P;I03-1.tif,14.746,1687.68,205.44,1685.76,203.52,3.84,3.84,,4587.68,3.84
123,0.14;100%;1P;I03-1.tif,14.746,151.68,209.28,149.76,207.36,3.84,3.84,,3051.68,3.84
124,0.14;100%;1P;I03-1.tif,132.71,828.8,219.093,821.76,211.2,15.36,15.36,,3728.8,15.36
125,0.14;100%;1P;I03-1.tif,14.746,401.28,216.96,399.36,215.04,3.84,3.84,,3301.28,3.84
126,0.14;100%;1P;I03-1.tif,14.746,2663.04,224.64,2661.12,222.72,3.84,3.84,,5563.04,3.84
127,0.14;100%;1P;I03-1.tif,14.746,1284.48,228.48,1282.56,226.56,3.84,3.84,,4184.48,3.84
128,0.14;100%;1P;I03-1.tif,44.237,2354.56,231.04,2350.08,226.56,7.68,7.68,,5254.56,7.68
129,0.14;100%;1P;I03-1.tif,162.202,757.702,243.491,748.8,230.4,19.2,23.04,,3657.702,19.2
130,0.14;100%;1P;I03-1.tif,29.491,1973.76,234.24,1969.92,230.4,7.68,7.68,,4873.76,7.68
131,0.14;100%;1P;I03-1.tif,14.746,3219.84,232.32,3217.92,230.4,3.84,3.84,,6119.84,3.84
132,0.14;100%;1P;I03-1.tif,14.746,1683.84,236.16,1681.92,234.24,3.84,3.84,,4583.84,3.84
133,0.14;100%;1P;I03-1.tif,14.746,2974.08,236.16,2972.16,234.24,3.84,3.84,,5874.08,3.84
134,0.14;100%;1P;I03-1.tif,14.746,1092.48,240,1090.56,238.08,3.84,3.84,,3992.48,3.84
135,0.14;100%;1P;I03-1.tif,14.746,1822.08,243.84,1820.16,241.92,3.84,3.84,,4722.08,3.84
136,0.14;100%;1P;I03-1.tif,29.491,3383.04,245.76,3379.2,241.92,7.68,7.68,,6283.04,7.68
137,0.14;100%;1P;I03-1.tif,14.746,462.72,247.68,460.8,245.76,3.84,3.84,,3362.72,3.84
138,0.14;100%;1P;I03-1.tif,14.746,1073.28,247.68,1071.36,245.76,3.84,3.84,,3973.28,3.84
139,0.14;100%;1P;I03-1.tif,29.491,3461.76,253.44,3459.84,249.6,3.84,7.68,,6361.76,3.84
140,0.14;100%;1P;I03-1.tif,14.746,1299.84,255.36,1297.92,253.44,3.84,3.84,,4199.84,3.84
141,0.14;100%;1P;I03-1.tif,14.746,1392,255.36,1390.08,253.44,3.84,3.84,,4292,3.84
142,0.14;100%;1P;I03-1.tif,88.474,2992,263.68,2987.52,257.28,11.52,11.52,,5892,11.52
143,0.14;100%;1P;I03-1.tif,29.491,1240.32,264.96,1236.48,261.12,7.68,7.68,,4140.32,7.68
144,0.14;100%;1P;I03-1.tif,693.043,3456.94,279.626,3444.48,261.12,26.88,42.24,,6356.94,26.88
145,0.14;100%;1P;I03-1.tif,58.982,1899.84,267.84,1893.12,264.96,11.52,7.68,,4799.84,11.52
146,0.14;100%;1P;I03-1.tif,58.982,2565.12,268.8,2561.28,264.96,7.68,7.68,,5465.12,7.68
147,0.14;100%;1P;I03-1.tif,206.438,3266.743,275.931,3256.32,268.8,19.2,15.36,,6166.743,19.2
148,0.14;100%;1P;I03-1.tif,103.219,1035.977,280.046,1029.12,272.64,11.52,15.36,,3935.977,11.52
149,0.14;100%;1P;I03-1.tif,14.746,1998.72,274.56,1996.8,272.64,3.84,3.84,,4898.72,3.84
150,0.14;100%;1P;I03-1.tif,14.746,2133.12,274.56,2131.2,272.64,3.84,3.84,,5033.12,3.84
151,0.14;100%;1P;I03-1.tif,14.746,82.56,278.4,80.64,276.48,3.84,3.84,,2982.56,3.84
152,0.14;100%;1P;I03-1.tif,14.746,243.84,278.4,241.92,276.48,3.84,3.84,,3143.84,3.84
153,0.14;100%;1P;I03-1.tif,29.491,802.56,284.16,798.72,280.32,7.68,7.68,,3702.56,7.68
154,0.14;100%;1P;I03-1.tif,14.746,2432.64,282.24,2430.72,280.32,3.84,3.84,,5332.64,3.84
155,0.14;100%;1P;I03-1.tif,14.746,2520.96,282.24,2519.04,280.32,3.84,3.84,,5420.96,3.84
156,0.14;100%;1P;I03-1.tif,44.237,208,291.2,203.52,288,7.68,7.68,,3108,7.68
157,0.14;100%;1P;I03-1.tif,29.491,1075.2,291.84,1071.36,288,7.68,7.68,,3975.2,7.68
158,0.14;100%;1P;I03-1.tif,58.982,1294.08,293.76,1290.24,288,7.68,11.52,,4194.08,7.68
159,0.14;100%;1P;I03-1.tif,250.675,2071.228,300.085,2062.08,288,19.2,23.04,,4971.228,19.2
160,0.14;100%;1P;I03-1.tif,73.728,3489.408,292.224,3482.88,288,11.52,7.68,,6389.408,11.52
161,0.14;100%;1P;I03-1.tif,14.746,1380.48,293.76,1378.56,291.84,3.84,3.84,,4280.48,3.84
162,0.14;100%;1P;I03-1.tif,117.965,2113.92,297.6,2104.32,291.84,19.2,11.52,,5013.92,19.2
163,0.14;100%;1P;I03-1.tif,14.746,2559.36,293.76,2557.44,291.84,3.84,3.84,,5459.36,3.84
164,0.14;100%;1P;I03-1.tif,14.746,3258.24,293.76,3256.32,291.84,3.84,3.84,,6158.24,3.84
165,0.14;100%;1P;I03-1.tif,73.728,2401.152,304.512,2392.32,299.52,15.36,7.68,,5301.152,15.36
166,0.14;100%;1P;I03-1.tif,14.746,2444.16,301.44,2442.24,299.52,3.84,3.84,,5344.16,3.84
167,0.14;100%;1P;I03-1.tif,206.438,3288.137,307.749,3279.36,299.52,19.2,15.36,,6188.137,19.2
168,0.14;100%;1P;I03-1.tif,14.746,1603.2,305.28,1601.28,303.36,3.84,3.84,,4503.2,3.84
169,0.14;100%;1P;I03-1.tif,14.746,2271.36,309.12,2269.44,307.2,3.84,3.84,,5171.36,3.84
170,0.14;100%;1P;I03-1.tif,58.982,2444.16,310.08,2438.4,307.2,11.52,7.68,,5344.16,11.52
171,0.14;100%;1P;I03-1.tif,353.894,3393.44,322.56,3383.04,307.2,19.2,26.88,,6293.44,19.2
172,0.14;100%;1P;I03-1.tif,221.184,1654.656,317.568,1643.52,311.04,23.04,11.52,,4554.656,23.04
173,0.14;100%;1P;I03-1.tif,14.746,2490.24,312.96,2488.32,311.04,3.84,3.84,,5390.24,3.84
174,0.14;100%;1P;I03-1.tif,14.746,3096.96,312.96,3095.04,311.04,3.84,3.84,,5996.96,3.84
175,0.14;100%;1P;I03-1.tif,29.491,837.12,316.8,833.28,314.88,7.68,3.84,,3737.12,7.68
176,0.14;100%;1P;I03-1.tif,103.219,1938.926,321.189,1931.52,314.88,15.36,11.52,,4838.926,15.36
177,0.14;100%;1P;I03-1.tif,14.746,2401.92,316.8,2400,314.88,3.84,3.84,,5301.92,3.84
178,0.14;100%;1P;I03-1.tif,14.746,3269.76,320.64,3267.84,318.72,3.84,3.84,,6169.76,3.84
179,0.14;100%;1P;I03-1.tif,44.237,243.84,324.48,238.08,322.56,11.52,3.84,,3143.84,11.52
180,0.14;100%;1P;I03-1.tif,44.237,2931.84,327.04,2926.08,322.56,11.52,7.68,,5831.84,11.52
181,0.14;100%;1P;I03-1.tif,29.491,2795.52,328.32,2791.68,326.4,7.68,3.84,,5695.52,7.68
182,0.14;100%;1P;I03-1.tif,44.237,3062.4,334.72,3056.64,330.24,11.52,7.68,,5962.4,11.52
183,0.14;100%;1P;I03-1.tif,29.491,1455.36,341.76,1451.52,337.92,7.68,7.68,,4355.36,7.68
184,0.14;100%;1P;I03-1.tif,88.474,1870.08,345.6,1866.24,337.92,7.68,15.36,,4770.08,7.68
185,0.14;100%;1P;I03-1.tif,103.219,2336.091,345.874,2330.88,337.92,11.52,15.36,,5236.091,11.52
186,0.14;100%;1P;I03-1.tif,132.71,3201.067,346.24,3194.88,337.92,11.52,15.36,,6101.067,11.52
187,0.14;100%;1P;I03-1.tif,44.237,3236.48,342.4,3233.28,337.92,7.68,7.68,,6136.48,7.68
188,0.14;100%;1P;I03-1.tif,14.746,3281.28,339.84,3279.36,337.92,3.84,3.84,,6181.28,3.84
189,0.14;100%;1P;I03-1.tif,14.746,1034.88,343.68,1032.96,341.76,3.84,3.84,,3934.88,3.84
190,0.14;100%;1P;I03-1.tif,14.746,2048.64,347.52,2046.72,345.6,3.84,3.84,,4948.64,3.84
191,0.14;100%;1P;I03-1.tif,73.728,1120.128,362.112,1113.6,357.12,11.52,11.52,,4020.128,11.52
192,0.14;100%;1P;I03-1.tif,235.93,1936.56,365.76,1927.68,357.12,23.04,19.2,,4836.56,23.04
193,0.14;100%;1P;I03-1.tif,58.982,303.36,364.8,299.52,360.96,7.68,7.68,,3203.36,7.68
194,0.14;100%;1P;I03-1.tif,943.718,1318.8,392.28,1294.08,360.96,46.08,53.76,,4218.8,46.08
195,0.14;100%;1P;I03-1.tif,14.746,1987.2,362.88,1985.28,360.96,3.84,3.84,,4887.2,3.84
196,0.14;100%;1P;I03-1.tif,14.746,2125.44,362.88,2123.52,360.96,3.84,3.84,,5025.44,3.84
197,0.14;100%;1P;I03-1.tif,147.456,2207.232,370.176,2200.32,360.96,11.52,19.2,,5107.232,11.52
198,0.14;100%;1P;I03-1.tif,14.746,1288.32,366.72,1286.4,364.8,3.84,3.84,,4188.32,3.84
199,0.14;100%;1P;I03-1.tif,117.965,1546.08,371.04,1539.84,364.8,11.52,15.36,,4446.08,11.52
200,0.14;100%;1P;I03-1.tif,58.982,2431.68,370.56,2426.88,364.8,7.68,11.52,,5331.68,7.68
201,0.14;100%;1P;I03-1.tif,14.746,2263.68,370.56,2261.76,368.64,3.84,3.84,,5163.68,3.84
202,0.14;100%;1P;I03-1.tif,14.746,3262.08,370.56,3260.16,368.64,3.84,3.84,,6162.08,3.84
203,0.14;100%;1P;I03-1.tif,73.728,3575.424,372.096,3567.36,368.64,15.36,7.68,,6475.424,15.36
204,0.14;100%;1P;I03-1.tif,14.746,643.2,374.4,641.28,372.48,3.84,3.84,,3543.2,3.84
205,0.14;100%;1P;I03-1.tif,265.421,3018.027,385.28,3006.72,372.48,19.2,23.04,,5918.027,19.2
206,0.14;100%;1P;I03-1.tif,14.746,1211.52,385.92,1209.6,384,3.84,3.84,,4111.52,3.84
207,0.14;100%;1P;I03-1.tif,58.982,1995.84,393.6,1989.12,387.84,11.52,11.52,,4895.84,11.52
208,0.14;100%;1P;I03-1.tif,14.746,3619.2,397.44,3617.28,395.52,3.84,3.84,,6519.2,3.84
209,0.14;100%;1P;I03-1.tif,1415.578,2058.28,420.12,2035.2,399.36,46.08,42.24,,4958.28,46.08
210,0.14;100%;1P;I03-1.tif,44.237,2550.4,402.56,2545.92,399.36,7.68,7.68,,5450.4,7.68
211,0.14;100%;1P;I03-1.tif,73.728,3552.384,406.656,3548.16,399.36,11.52,11.52,,6452.384,11.52
212,0.14;100%;1P;I03-1.tif,58.982,2261.76,407.04,2257.92,403.2,7.68,7.68,,5161.76,7.68
213,0.14;100%;1P;I03-1.tif,29.491,3179.52,410.88,3175.68,407.04,7.68,7.68,,6079.52,7.68
214,0.14;100%;1P;I03-1.tif,471.859,3132.6,426.36,3118.08,418.56,34.56,19.2,,6032.6,34.56
215,0.14;100%;1P;I03-1.tif,14.746,3530.88,420.48,3528.96,418.56,3.84,3.84,,6430.88,3.84
216,0.14;100%;1P;I03-1.tif,14.746,144,424.32,142.08,422.4,3.84,3.84,,3044,3.84
217,0.14;100%;1P;I03-1.tif,44.237,2558.08,428.16,2553.6,422.4,7.68,11.52,,5458.08,7.68
218,0.14;100%;1P;I03-1.tif,14.746,2582.4,424.32,2580.48,422.4,3.84,3.84,,5482.4,3.84
219,0.14;100%;1P;I03-1.tif,29.491,2171.52,437.76,2169.6,433.92,3.84,7.68,,5071.52,3.84
220,0.14;100%;1P;I03-1.tif,132.71,618.88,446.08,610.56,437.76,15.36,15.36,,3518.88,15.36
221,0.14;100%;1P;I03-1.tif,14.746,1653.12,439.68,1651.2,437.76,3.84,3.84,,4553.12,3.84
222,0.14;100%;1P;I03-1.tif,44.237,1891.2,447.36,1885.44,445.44,11.52,3.84,,4791.2,11.52
223,0.14;100%;1P;I03-1.tif,117.965,2447.04,451.68,2438.4,445.44,15.36,11.52,,5347.04,15.36
224,0.14;100%;1P;I03-1.tif,14.746,2482.56,447.36,2480.64,445.44,3.84,3.84,,5382.56,3.84
225,0.14;100%;1P;I03-1.tif,103.219,37.577,456.137,30.72,449.28,15.36,11.52,,2937.577,15.36
226,0.14;100%;1P;I03-1.tif,265.421,2180.48,463.36,2169.6,453.12,23.04,19.2,,5080.48,23.04
227,0.14;100%;1P;I03-1.tif,88.474,2579.2,458.88,2572.8,453.12,11.52,11.52,,5479.2,11.52
228,0.14;100%;1P;I03-1.tif,88.474,899.84,462.08,894.72,456.96,11.52,11.52,,3799.84,11.52
229,0.14;100%;1P;I03-1.tif,14.746,935.04,458.88,933.12,456.96,3.84,3.84,,3835.04,3.84
230,0.14;100%;1P;I03-1.tif,14.746,3504,458.88,3502.08,456.96,3.84,3.84,,6404,3.84
231,0.14;100%;1P;I03-1.tif,29.491,1762.56,462.72,1758.72,460.8,7.68,3.84,,4662.56,7.68
232,0.14;100%;1P;I03-1.tif,14.746,2213.76,466.56,2211.84,464.64,3.84,3.84,,5113.76,3.84
233,0.14;100%;1P;I03-1.tif,88.474,756.48,483.84,748.8,476.16,15.36,15.36,,3656.48,15.36
234,0.14;100%;1P;I03-1.tif,14.746,3066.24,478.08,3064.32,476.16,3.84,3.84,,5966.24,3.84
235,0.14;100%;1P;I03-1.tif,14.746,781.44,481.92,779.52,480,3.84,3.84,,3681.44,3.84
236,0.14;100%;1P;I03-1.tif,162.202,1497.775,486.458,1489.92,480,15.36,15.36,,4397.775,15.36
237,0.14;100%;1P;I03-1.tif,191.693,1407.36,496.098,1397.76,483.84,19.2,26.88,,4307.36,19.2
238,0.14;100%;1P;I03-1.tif,14.746,1418.88,489.6,1416.96,487.68,3.84,3.84,,4318.88,3.84
239,0.14;100%;1P;I03-1.tif,14.746,2179.2,489.6,2177.28,487.68,3.84,3.84,,5079.2,3.84
240,0.14;100%;1P;I03-1.tif,14.746,3354.24,489.6,3352.32,487.68,3.84,3.84,,6254.24,3.84
241,0.14;100%;1P;I03-1.tif,14.746,746.88,493.44,744.96,491.52,3.84,3.84,,3646.88,3.84
242,0.14;100%;1P;I03-1.tif,14.746,1902.72,493.44,1900.8,491.52,3.84,3.84,,4802.72,3.84
243,0.14;100%;1P;I03-1.tif,29.491,3229.44,493.44,3225.6,491.52,7.68,3.84,,6129.44,7.68
244,0.14;100%;1P;I03-1.tif,14.746,2567.04,497.28,2565.12,495.36,3.84,3.84,,5467.04,3.84
245,0.14;100%;1P;I03-1.tif,14.746,3358.08,497.28,3356.16,495.36,3.84,3.84,,6258.08,3.84
246,0.14;100%;1P;I03-1.tif,14.746,2094.72,501.12,2092.8,499.2,3.84,3.84,,4994.72,3.84
247,0.14;100%;1P;I03-1.tif,29.491,2549.76,501.12,2545.92,499.2,7.68,3.84,,5449.76,7.68
248,0.14;100%;1P;I03-1.tif,44.237,3235.2,501.12,3229.44,499.2,11.52,3.84,,6135.2,11.52
249,0.14;100%;1P;I03-1.tif,14.746,401.28,504.96,399.36,503.04,3.84,3.84,,3301.28,3.84
250,0.14;100%;1P;I03-1.tif,14.746,2421.12,504.96,2419.2,503.04,3.84,3.84,,5321.12,3.84
251,0.14;100%;1P;I03-1.tif,14.746,2567.04,504.96,2565.12,503.04,3.84,3.84,,5467.04,3.84
252,0.14;100%;1P;I03-1.tif,132.71,1810.133,516.053,1800.96,506.88,15.36,19.2,,4710.133,15.36
253,0.14;100%;1P;I03-1.tif,44.237,1971.84,510.08,1966.08,506.88,11.52,7.68,,4871.84,11.52
254,0.14;100%;1P;I03-1.tif,14.746,2651.52,508.8,2649.6,506.88,3.84,3.84,,5551.52,3.84
255,0.14;100%;1P;I03-1.tif,14.746,3100.8,508.8,3098.88,506.88,3.84,3.84,,6000.8,3.84
256,0.14;100%;1P;I03-1.tif,14.746,2747.52,512.64,2745.6,510.72,3.84,3.84,,5647.52,3.84
257,0.14;100%;1P;I03-1.tif,14.746,3108.48,512.64,3106.56,510.72,3.84,3.84,,6008.48,3.84
258,0.14;100%;1P;I03-1.tif,14.746,3442.56,512.64,3440.64,510.72,3.84,3.84,,6342.56,3.84
259,0.14;100%;1P;I03-1.tif,29.491,2384.64,522.24,2380.8,518.4,7.68,7.68,,5284.64,7.68
260,0.14;100%;1P;I03-1.tif,14.746,1856.64,528,1854.72,526.08,3.84,3.84,,4756.64,3.84
261,0.14;100%;1P;I03-1.tif,44.237,3085.44,535.68,3083.52,529.92,3.84,11.52,,5985.44,3.84
262,0.14;100%;1P;I03-1.tif,44.237,3209.6,534.4,3206.4,529.92,7.68,7.68,,6109.6,7.68
263,0.14;100%;1P;I03-1.tif,29.491,3598.08,531.84,3594.24,529.92,7.68,3.84,,6498.08,7.68
264,0.14;100%;1P;I03-1.tif,14.746,2747.52,535.68,2745.6,533.76,3.84,3.84,,5647.52,3.84
265,0.14;100%;1P;I03-1.tif,869.99,646.584,562.69,629.76,545.28,34.56,34.56,,3546.584,34.56
266,0.14;100%;1P;I03-1.tif,634.061,1362.709,563.81,1344,549.12,42.24,26.88,,4262.709,42.24
267,0.14;100%;1P;I03-1.tif,44.237,2842.24,552.32,2837.76,549.12,7.68,7.68,,5742.24,7.68
268,0.14;100%;1P;I03-1.tif,58.982,3098.88,552.96,3095.04,549.12,7.68,7.68,,5998.88,7.68
269,0.14;100%;1P;I03-1.tif,752.026,744.922,570.24,729.6,552.96,30.72,30.72,,3644.922,30.72
270,0.14;100%;1P;I03-1.tif,14.746,2616.96,558.72,2615.04,556.8,3.84,3.84,,5516.96,3.84
271,0.14;100%;1P;I03-1.tif,14.746,2279.04,562.56,2277.12,560.64,3.84,3.84,,5179.04,3.84
272,0.14;100%;1P;I03-1.tif,162.202,1980.567,578.618,1973.76,572.16,15.36,15.36,,4880.567,15.36
273,0.14;100%;1P;I03-1.tif,29.491,3214.08,576,3210.24,572.16,7.68,7.68,,6114.08,7.68
274,0.14;100%;1P;I03-1.tif,14.746,539.52,577.92,537.6,576,3.84,3.84,,3439.52,3.84
275,0.14;100%;1P;I03-1.tif,14.746,2970.24,581.76,2968.32,579.84,3.84,3.84,,5870.24,3.84
276,0.14;100%;1P;I03-1.tif,14.746,1507.2,585.6,1505.28,583.68,3.84,3.84,,4407.2,3.84
277,0.14;100%;1P;I03-1.tif,176.947,2693.76,592.64,2688,583.68,11.52,19.2,,5593.76,11.52
278,0.14;100%;1P;I03-1.tif,29.491,3254.4,587.52,3252.48,583.68,3.84,7.68,,6154.4,3.84
279,0.14;100%;1P;I03-1.tif,14.746,2716.8,589.44,2714.88,587.52,3.84,3.84,,5616.8,3.84
280,0.14;100%;1P;I03-1.tif,103.219,2395.337,596.571,2388.48,591.36,15.36,11.52,,5295.337,15.36
281,0.14;100%;1P;I03-1.tif,14.746,1365.12,597.12,1363.2,595.2,3.84,3.84,,4265.12,3.84
282,0.14;100%;1P;I03-1.tif,14.746,2060.16,600.96,2058.24,599.04,3.84,3.84,,4960.16,3.84
283,0.14;100%;1P;I03-1.tif,147.456,3580.8,610.944,3571.2,602.88,15.36,15.36,,6480.8,15.36
284,0.14;100%;1P;I03-1.tif,29.491,3594.24,604.8,3590.4,602.88,7.68,3.84,,6494.24,7.68
285,0.14;100%;1P;I03-1.tif,73.728,1872.768,612.48,1866.24,606.72,11.52,11.52,,4772.768,11.52
286,0.14;100%;1P;I03-1.tif,103.219,3320.777,613.577,3313.92,606.72,15.36,11.52,,6220.777,15.36
287,0.14;100%;1P;I03-1.tif,14.746,2743.68,616.32,2741.76,614.4,3.84,3.84,,5643.68,3.84
288,0.14;100%;1P;I03-1.tif,88.474,3141.12,622.08,3133.44,618.24,15.36,7.68,,6041.12,15.36
289,0.14;100%;1P;I03-1.tif,29.491,3024,625.92,3022.08,622.08,3.84,7.68,,5924,3.84
290,0.14;100%;1P;I03-1.tif,14.746,3442.56,624,3440.64,622.08,3.84,3.84,,6342.56,3.84
291,0.14;100%;1P;I03-1.tif,14.746,1080.96,631.68,1079.04,629.76,3.84,3.84,,3980.96,3.84
292,0.14;100%;1P;I03-1.tif,73.728,1408.896,633.984,1401.6,629.76,15.36,7.68,,4308.896,15.36
293,0.14;100%;1P;I03-1.tif,44.237,3162.24,634.24,3156.48,629.76,11.52,7.68,,6062.24,11.52
294,0.14;100%;1P;I03-1.tif,14.746,3288.96,631.68,3287.04,629.76,3.84,3.84,,6188.96,3.84
295,0.14;100%;1P;I03-1.tif,103.219,202.697,643.2,195.84,637.44,11.52,11.52,,3102.697,11.52
296,0.14;100%;1P;I03-1.tif,29.491,1923.84,643.2,1920,641.28,7.68,3.84,,4823.84,7.68
297,0.14;100%;1P;I03-1.tif,29.491,1968,648.96,1966.08,645.12,3.84,7.68,,4868,3.84
298,0.14;100%;1P;I03-1.tif,117.965,1736.64,660,1731.84,648.96,11.52,19.2,,4636.64,11.52
299,0.14;100%;1P;I03-1.tif,14.746,2428.8,658.56,2426.88,656.64,3.84,3.84,,5328.8,3.84
300,0.14;100%;1P;I03-1.tif,398.131,2973.796,668.942,2960.64,656.64,26.88,26.88,,5873.796,26.88
301,0.14;100%;1P;I03-1.tif,619.315,403.931,679.771,391.68,664.32,26.88,30.72,,3303.931,26.88
302,0.14;100%;1P;I03-1.tif,14.746,1891.2,666.24,1889.28,664.32,3.84,3.84,,4791.2,3.84
303,0.14;100%;1P;I03-1.tif,44.237,2353.28,667.52,2350.08,664.32,7.68,7.68,,5253.28,7.68
304,0.14;100%;1P;I03-1.tif,14.746,1568.64,670.08,1566.72,668.16,3.84,3.84,,4468.64,3.84
305,0.14;100%;1P;I03-1.tif,14.746,2375.04,670.08,2373.12,668.16,3.84,3.84,,5275.04,3.84
306,0.14;100%;1P;I03-1.tif,58.982,337.92,675.84,334.08,672,7.68,7.68,,3237.92,7.68
307,0.14;100%;1P;I03-1.tif,14.746,2117.76,673.92,2115.84,672,3.84,3.84,,5017.76,3.84
308,0.14;100%;1P;I03-1.tif,221.184,1471.872,684.16,1463.04,675.84,19.2,19.2,,4371.872,19.2
309,0.14;100%;1P;I03-1.tif,58.982,1844.16,689.28,1839.36,683.52,11.52,11.52,,4744.16,11.52
310,0.14;100%;1P;I03-1.tif,88.474,1785.6,695.04,1777.92,691.2,15.36,7.68,,4685.6,15.36
311,0.14;100%;1P;I03-1.tif,29.491,3452.16,693.12,3448.32,691.2,7.68,3.84,,6352.16,7.68
312,0.14;100%;1P;I03-1.tif,132.71,1213.653,708.053,1205.76,702.72,15.36,11.52,,4113.653,15.36
313,0.14;100%;1P;I03-1.tif,14.746,1357.44,708.48,1355.52,706.56,3.84,3.84,,4257.44,3.84
314,0.14;100%;1P;I03-1.tif,162.202,1679.302,715.113,1670.4,710.4,19.2,11.52,,4579.302,19.2
315,0.14;100%;1P;I03-1.tif,73.728,3301.248,713.856,3294.72,710.4,11.52,7.68,,6201.248,11.52
316,0.14;100%;1P;I03-1.tif,44.237,1156.48,718.72,1152,714.24,7.68,7.68,,4056.48,7.68
317,0.14;100%;1P;I03-1.tif,29.491,3333.12,716.16,3329.28,714.24,7.68,3.84,,6233.12,7.68
318,0.14;100%;1P;I03-1.tif,14.746,1557.12,720,1555.2,718.08,3.84,3.84,,4457.12,3.84
319,0.14;100%;1P;I03-1.tif,132.71,1786.24,726.4,1777.92,718.08,15.36,15.36,,4686.24,15.36
320,0.14;100%;1P;I03-1.tif,147.456,1856.256,724.224,1847.04,718.08,19.2,11.52,,4756.256,19.2
321,0.14;100%;1P;I03-1.tif,58.982,3043.2,722.88,3037.44,718.08,11.52,11.52,,5943.2,11.52
322,0.14;100%;1P;I03-1.tif,88.474,367.36,728.32,360.96,721.92,11.52,11.52,,3267.36,11.52
323,0.14;100%;1P;I03-1.tif,29.491,3118.08,731.52,3114.24,729.6,7.68,3.84,,6018.08,7.68
324,0.14;100%;1P;I03-1.tif,132.71,3224.107,734.08,3214.08,729.6,19.2,11.52,,6124.107,19.2
325,0.14;100%;1P;I03-1.tif,14.746,1925.76,735.36,1923.84,733.44,3.84,3.84,,4825.76,3.84
326,0.14;100%;1P;I03-1.tif,14.746,3047.04,735.36,3045.12,733.44,3.84,3.84,,5947.04,3.84
327,0.14;100%;1P;I03-1.tif,14.746,3358.08,735.36,3356.16,733.44,3.84,3.84,,6258.08,3.84
328,0.14;100%;1P;I03-1.tif,14.746,558.72,739.2,556.8,737.28,3.84,3.84,,3458.72,3.84
329,0.14;100%;1P;I03-1.tif,486.605,3551.476,752.116,3536.64,737.28,26.88,30.72,,6451.476,26.88
330,0.14;100%;1P;I03-1.tif,14.746,2832,743.04,2830.08,741.12,3.84,3.84,,5732,3.84
331,0.14;100%;1P;I03-1.tif,29.491,1217.28,752.64,1213.44,748.8,7.68,7.68,,4117.28,7.68
332,0.14;100%;1P;I03-1.tif,44.237,2276.48,753.28,2273.28,748.8,7.68,7.68,,5176.48,7.68
333,0.14;100%;1P;I03-1.tif,14.746,2540.16,758.4,2538.24,756.48,3.84,3.84,,5440.16,3.84
334,0.14;100%;1P;I03-1.tif,14.746,2732.16,762.24,2730.24,760.32,3.84,3.84,,5632.16,3.84
335,0.14;100%;1P;I03-1.tif,58.982,3410.88,766.08,3406.08,760.32,11.52,11.52,,6310.88,11.52
336,0.14;100%;1P;I03-1.tif,44.237,2867.84,773.76,2864.64,768,7.68,11.52,,5767.84,7.68
337,0.14;100%;1P;I03-1.tif,280.166,543.966,784.067,529.92,771.84,23.04,23.04,,3443.966,23.04
338,0.14;100%;1P;I03-1.tif,58.982,1594.56,784.32,1589.76,779.52,11.52,7.68,,4494.56,11.52
339,0.14;100%;1P;I03-1.tif,88.474,2709.12,800,2703.36,794.88,11.52,11.52,,5609.12,11.52
340,0.14;100%;1P;I03-1.tif,44.237,1040,807.04,1036.8,802.56,7.68,7.68,,3940,7.68
341,0.14;100%;1P;I03-1.tif,88.474,3037.44,808.32,3033.6,802.56,7.68,11.52,,5937.44,7.68
342,0.14;100%;1P;I03-1.tif,29.491,2490.24,810.24,2488.32,806.4,3.84,7.68,,5390.24,3.84
343,0.14;100%;1P;I03-1.tif,29.491,2403.84,816,2400,814.08,7.68,3.84,,5303.84,7.68
344,0.14;100%;1P;I03-1.tif,339.149,1832.765,826.685,1816.32,817.92,30.72,19.2,,4732.765,30.72
345,0.14;100%;1P;I03-1.tif,132.71,1467.093,835.2,1459.2,825.6,15.36,19.2,,4367.093,15.36
346,0.14;100%;1P;I03-1.tif,14.746,1630.08,827.52,1628.16,825.6,3.84,3.84,,4530.08,3.84
347,0.14;100%;1P;I03-1.tif,73.728,646.272,832.896,641.28,829.44,11.52,7.68,,3546.272,11.52
348,0.14;100%;1P;I03-1.tif,14.746,2194.56,831.36,2192.64,829.44,3.84,3.84,,5094.56,3.84
349,0.14;100%;1P;I03-1.tif,14.746,508.8,835.2,506.88,833.28,3.84,3.84,,3408.8,3.84
350,0.14;100%;1P;I03-1.tif,14.746,1200,839.04,1198.08,837.12,3.84,3.84,,4100,3.84
351,0.14;100%;1P;I03-1.tif,44.237,2832,840.32,2826.24,837.12,11.52,7.68,,5732,11.52
352,0.14;100%;1P;I03-1.tif,88.474,2112.64,851.84,2108.16,844.8,11.52,11.52,,5012.64,11.52
353,0.14;100%;1P;I03-1.tif,176.947,2212.16,851.2,2204.16,844.8,19.2,11.52,,5112.16,19.2
354,0.14;100%;1P;I03-1.tif,117.965,2281.92,852.96,2273.28,848.64,15.36,11.52,,5181.92,15.36
355,0.14;100%;1P;I03-1.tif,14.746,2547.84,854.4,2545.92,852.48,3.84,3.84,,5447.84,3.84
356,0.14;100%;1P;I03-1.tif,147.456,2677.248,859.776,2668.8,852.48,15.36,15.36,,5577.248,15.36
357,0.14;100%;1P;I03-1.tif,14.746,2551.68,862.08,2549.76,860.16,3.84,3.84,,5451.68,3.84
358,0.14;100%;1P;I03-1.tif,103.219,3501.257,867.017,3494.4,860.16,15.36,11.52,,6401.257,15.36
359,0.14;100%;1P;I03-1.tif,29.491,1102.08,865.92,1098.24,864,7.68,3.84,,4002.08,7.68
360,0.14;100%;1P;I03-1.tif,14.746,2778.24,865.92,2776.32,864,3.84,3.84,,5678.24,3.84
361,0.14;100%;1P;I03-1.tif,250.675,378.692,881.28,368.64,871.68,19.2,19.2,,3278.692,19.2
362,0.14;100%;1P;I03-1.tif,14.746,3235.2,873.6,3233.28,871.68,3.84,3.84,,6135.2,3.84
363,0.14;100%;1P;I03-1.tif,294.912,451.584,886.08,441.6,875.52,19.2,23.04,,3351.584,19.2
364,0.14;100%;1P;I03-1.tif,103.219,826.971,882.377,821.76,875.52,11.52,11.52,,3726.971,11.52
365,0.14;100%;1P;I03-1.tif,29.491,3611.52,883.2,3609.6,879.36,3.84,7.68,,6511.52,3.84
366,0.14;100%;1P;I03-1.tif,29.491,1893.12,885.12,1889.28,883.2,7.68,3.84,,4793.12,7.68
367,0.14;100%;1P;I03-1.tif,73.728,2293.632,888.96,2288.64,883.2,11.52,11.52,,5193.632,11.52
368,0.14;100%;1P;I03-1.tif,58.982,3281.28,893.76,3275.52,890.88,11.52,7.68,,6181.28,11.52
369,0.14;100%;1P;I03-1.tif,14.746,2478.72,896.64,2476.8,894.72,3.84,3.84,,5378.72,3.84
370,0.14;100%;1P;I03-1.tif,44.237,1324.16,901.76,1320.96,898.56,7.68,7.68,,4224.16,7.68
371,0.14;100%;1P;I03-1.tif,1563.034,2013.863,920.115,1992.96,898.56,42.24,46.08,,4913.863,42.24
372,0.14;100%;1P;I03-1.tif,14.746,2805.12,904.32,2803.2,902.4,3.84,3.84,,5705.12,3.84
373,0.14;100%;1P;I03-1.tif,117.965,2936.64,908.64,2929.92,902.4,15.36,11.52,,5836.64,15.36
374,0.14;100%;1P;I03-1.tif,14.746,3454.08,904.32,3452.16,902.4,3.84,3.84,,6354.08,3.84
375,0.14;100%;1P;I03-1.tif,14.746,3093.12,908.16,3091.2,906.24,3.84,3.84,,5993.12,3.84
376,0.14;100%;1P;I03-1.tif,14.746,3100.8,912,3098.88,910.08,3.84,3.84,,6000.8,3.84
377,0.14;100%;1P;I03-1.tif,58.982,1756.8,917.76,1751.04,913.92,11.52,7.68,,4656.8,11.52
378,0.14;100%;1P;I03-1.tif,29.491,3306.24,915.84,3302.4,913.92,7.68,3.84,,6206.24,7.68
379,0.14;100%;1P;I03-1.tif,147.456,2994.048,935.808,2983.68,929.28,19.2,15.36,,5894.048,19.2
380,0.14;100%;1P;I03-1.tif,29.491,890.88,935.04,887.04,933.12,7.68,3.84,,3790.88,7.68
381,0.14;100%;1P;I03-1.tif,29.491,2914.56,935.04,2910.72,933.12,7.68,3.84,,5814.56,7.68
382,0.14;100%;1P;I03-1.tif,29.491,3279.36,935.04,3275.52,933.12,7.68,3.84,,6179.36,7.68
383,0.14;100%;1P;I03-1.tif,14.746,904.32,946.56,902.4,944.64,3.84,3.84,,3804.32,3.84
384,0.14;100%;1P;I03-1.tif,14.746,1119.36,950.4,1117.44,948.48,3.84,3.84,,4019.36,3.84
385,0.14;100%;1P;I03-1.tif,14.746,2939.52,950.4,2937.6,948.48,3.84,3.84,,5839.52,3.84
386,0.14;100%;1P;I03-1.tif,14.746,1380.48,954.24,1378.56,952.32,3.84,3.84,,4280.48,3.84
387,0.14;100%;1P;I03-1.tif,14.746,2117.76,958.08,2115.84,956.16,3.84,3.84,,5017.76,3.84
388,0.14;100%;1P;I03-1.tif,29.491,3144.96,958.08,3141.12,956.16,7.68,3.84,,6044.96,7.68
389,0.14;100%;1P;I03-1.tif,973.21,161.513,991.709,145.92,960,30.72,53.76,,3061.513,30.72
390,0.14;100%;1P;I03-1.tif,14.746,3093.12,961.92,3091.2,960,3.84,3.84,,5993.12,3.84
391,0.14;100%;1P;I03-1.tif,44.237,1746.56,969.6,1743.36,963.84,7.68,11.52,,4646.56,7.68
392,0.14;100%;1P;I03-1.tif,958.464,2288.197,995.712,2273.28,963.84,30.72,69.12,,5188.197,30.72
393,0.14;100%;1P;I03-1.tif,58.982,2530.56,973.44,2526.72,967.68,7.68,11.52,,5430.56,7.68
394,0.14;100%;1P;I03-1.tif,29.491,3306.24,969.6,3302.4,967.68,7.68,3.84,,6206.24,7.68
395,0.14;100%;1P;I03-1.tif,103.219,2596.663,989.349,2592,983.04,11.52,11.52,,5496.663,11.52
396,0.14;100%;1P;I03-1.tif,14.746,816,992.64,814.08,990.72,3.84,3.84,,3716,3.84
397,0.14;100%;1P;I03-1.tif,14.746,2559.36,996.48,2557.44,994.56,3.84,3.84,,5459.36,3.84
398,0.14;100%;1P;I03-1.tif,88.474,2791.68,1009.92,2784,1006.08,15.36,7.68,,5691.68,15.36
399,0.14;100%;1P;I03-1.tif,14.746,1038.72,1011.84,1036.8,1009.92,3.84,3.84,,3938.72,3.84
400,0.14;100%;1P;I03-1.tif,88.474,1698.56,1015.04,1693.44,1009.92,11.52,11.52,,4598.56,11.52
401,0.14;100%;1P;I03-1.tif,14.746,2136.96,1011.84,2135.04,1009.92,3.84,3.84,,5036.96,3.84
402,0.14;100%;1P;I03-1.tif,162.202,2889.251,1018.822,2880,1013.76,19.2,11.52,,5789.251,19.2
403,0.14;100%;1P;I03-1.tif,29.491,3143.04,1021.44,3141.12,1017.6,3.84,7.68,,6043.04,3.84
404,0.14;100%;1P;I03-1.tif,235.93,387.12,1033.68,376.32,1025.28,19.2,15.36,,3287.12,19.2
405,0.14;100%;1P;I03-1.tif,132.71,1967.147,1032.32,1958.4,1025.28,15.36,15.36,,4867.147,15.36
406,0.14;100%;1P;I03-1.tif,427.622,2942.301,1035.41,2922.24,1025.28,38.4,23.04,,5842.301,38.4
407,0.14;100%;1P;I03-1.tif,29.491,3371.52,1031.04,3367.68,1029.12,7.68,3.84,,6271.52,7.68
408,0.14;100%;1P;I03-1.tif,88.474,3539.2,1034.88,3532.8,1029.12,11.52,11.52,,6439.2,11.52
409,0.14;100%;1P;I03-1.tif,14.746,2651.52,1034.88,2649.6,1032.96,3.84,3.84,,5551.52,3.84
410,0.14;100%;1P;I03-1.tif,14.746,3557.76,1038.72,3555.84,1036.8,3.84,3.84,,6457.76,3.84
411,0.14;100%;1P;I03-1.tif,14.746,2060.16,1046.4,2058.24,1044.48,3.84,3.84,,4960.16,3.84
412,0.14;100%;1P;I03-1.tif,44.237,2846.08,1047.68,2841.6,1044.48,7.68,7.68,,5746.08,7.68
413,0.14;100%;1P;I03-1.tif,29.491,3333.12,1050.24,3329.28,1048.32,7.68,3.84,,6233.12,7.68
414,0.14;100%;1P;I03-1.tif,14.746,3273.6,1057.92,3271.68,1056,3.84,3.84,,6173.6,3.84
415,0.14;100%;1P;I03-1.tif,132.71,3402.88,1062.187,3394.56,1056,15.36,11.52,,6302.88,15.36
416,0.14;100%;1P;I03-1.tif,103.219,2079.36,1067.246,2073.6,1059.84,11.52,15.36,,4979.36,11.52
417,0.14;100%;1P;I03-1.tif,162.202,2453.236,1065.949,2446.08,1059.84,15.36,11.52,,5353.236,15.36
418,0.14;100%;1P;I03-1.tif,44.237,2744.96,1063.04,2741.76,1059.84,7.68,7.68,,5644.96,7.68
419,0.14;100%;1P;I03-1.tif,88.474,3205.12,1066.24,3198.72,1059.84,11.52,11.52,,6105.12,11.52
420,0.14;100%;1P;I03-1.tif,162.202,1500.567,1076.422,1493.76,1067.52,15.36,15.36,,4400.567,15.36
421,0.14;100%;1P;I03-1.tif,14.746,942.72,1073.28,940.8,1071.36,3.84,3.84,,3842.72,3.84
422,0.14;100%;1P;I03-1.tif,14.746,1898.88,1073.28,1896.96,1071.36,3.84,3.84,,4798.88,3.84
423,0.14;100%;1P;I03-1.tif,14.746,2140.8,1073.28,2138.88,1071.36,3.84,3.84,,5040.8,3.84
424,0.14;100%;1P;I03-1.tif,176.947,2422.4,1084.16,2415.36,1071.36,15.36,23.04,,5322.4,15.36
425,0.14;100%;1P;I03-1.tif,58.982,2918.4,1079.04,2914.56,1075.2,7.68,7.68,,5818.4,7.68
426,0.14;100%;1P;I03-1.tif,14.746,2616.96,1080.96,2615.04,1079.04,3.84,3.84,,5516.96,3.84
427,0.14;100%;1P;I03-1.tif,914.227,2518.483,1096.382,2496,1082.88,46.08,26.88,,5418.483,46.08
428,0.14;100%;1P;I03-1.tif,14.746,2728.32,1084.8,2726.4,1082.88,3.84,3.84,,5628.32,3.84
429,0.14;100%;1P;I03-1.tif,14.746,835.2,1092.48,833.28,1090.56,3.84,3.84,,3735.2,3.84
430,0.14;100%;1P;I03-1.tif,14.746,2555.52,1100.16,2553.6,1098.24,3.84,3.84,,5455.52,3.84
431,0.14;100%;1P;I03-1.tif,14.746,2559.36,1107.84,2557.44,1105.92,3.84,3.84,,5459.36,3.84
432,0.14;100%;1P;I03-1.tif,14.746,3427.2,1107.84,3425.28,1105.92,3.84,3.84,,6327.2,3.84
433,0.14;100%;1P;I03-1.tif,235.93,1639.44,1118.4,1628.16,1109.76,19.2,19.2,,4539.44,19.2
434,0.14;100%;1P;I03-1.tif,88.474,2650.88,1112.32,2641.92,1109.76,19.2,7.68,,5550.88,19.2
435,0.14;100%;1P;I03-1.tif,14.746,2801.28,1111.68,2799.36,1109.76,3.84,3.84,,5701.28,3.84
436,0.14;100%;1P;I03-1.tif,14.746,2862.72,1111.68,2860.8,1109.76,3.84,3.84,,5762.72,3.84
437,0.14;100%;1P;I03-1.tif,14.746,3273.6,1111.68,3271.68,1109.76,3.84,3.84,,6173.6,3.84
438,0.14;100%;1P;I03-1.tif,221.184,1346.944,1122.432,1336.32,1113.6,23.04,15.36,,4246.944,23.04
439,0.14;100%;1P;I03-1.tif,14.746,1810.56,1119.36,1808.64,1117.44,3.84,3.84,,4710.56,3.84
440,0.14;100%;1P;I03-1.tif,14.746,1818.24,1127.04,1816.32,1125.12,3.84,3.84,,4718.24,3.84
441,0.14;100%;1P;I03-1.tif,14.746,1906.56,1127.04,1904.64,1125.12,3.84,3.84,,4806.56,3.84
442,0.14;100%;1P;I03-1.tif,250.675,2018.824,1132.913,2008.32,1125.12,19.2,19.2,,4918.824,19.2
443,0.14;100%;1P;I03-1.tif,14.746,3189.12,1127.04,3187.2,1125.12,3.84,3.84,,6089.12,3.84
444,0.14;100%;1P;I03-1.tif,73.728,3027.84,1134.72,3022.08,1128.96,11.52,11.52,,5927.84,11.52
445,0.14;100%;1P;I03-1.tif,162.202,225.687,1142.749,218.88,1132.8,15.36,19.2,,3125.687,15.36
446,0.14;100%;1P;I03-1.tif,117.965,2871.36,1148.64,2864.64,1140.48,11.52,15.36,,5771.36,11.52
447,0.14;100%;1P;I03-1.tif,29.491,2607.36,1148.16,2603.52,1144.32,7.68,7.68,,5507.36,7.68
448,0.14;100%;1P;I03-1.tif,14.746,3085.44,1153.92,3083.52,1152,3.84,3.84,,5985.44,3.84
449,0.14;100%;1P;I03-1.tif,14.746,1860.48,1157.76,1858.56,1155.84,3.84,3.84,,4760.48,3.84
450,0.14;100%;1P;I03-1.tif,14.746,2655.36,1161.6,2653.44,1159.68,3.84,3.84,,5555.36,3.84
451,0.14;100%;1P;I03-1.tif,117.965,31.2,1174.08,23.04,1167.36,19.2,15.36,,2931.2,19.2
452,0.14;100%;1P;I03-1.tif,73.728,893.568,1170.816,887.04,1167.36,11.52,7.68,,3793.568,11.52
453,0.14;100%;1P;I03-1.tif,14.746,2463.36,1169.28,2461.44,1167.36,3.84,3.84,,5363.36,3.84
454,0.14;100%;1P;I03-1.tif,14.746,2943.36,1173.12,2941.44,1171.2,3.84,3.84,,5843.36,3.84
455,0.14;100%;1P;I03-1.tif,14.746,201.6,1176.96,199.68,1175.04,3.84,3.84,,3101.6,3.84
456,0.14;100%;1P;I03-1.tif,14.746,823.68,1176.96,821.76,1175.04,3.84,3.84,,3723.68,3.84
457,0.14;100%;1P;I03-1.tif,14.746,1991.04,1176.96,1989.12,1175.04,3.84,3.84,,4891.04,3.84
458,0.14;100%;1P;I03-1.tif,14.746,2025.6,1176.96,2023.68,1175.04,3.84,3.84,,4925.6,3.84
459,0.14;100%;1P;I03-1.tif,14.746,2286.72,1176.96,2284.8,1175.04,3.84,3.84,,5186.72,3.84
460,0.14;100%;1P;I03-1.tif,14.746,2570.88,1176.96,2568.96,1175.04,3.84,3.84,,5470.88,3.84
461,0.14;100%;1P;I03-1.tif,294.912,3035.712,1183.104,3025.92,1175.04,23.04,15.36,,5935.712,23.04
462,0.14;100%;1P;I03-1.tif,14.746,2421.12,1180.8,2419.2,1178.88,3.84,3.84,,5321.12,3.84
463,0.14;100%;1P;I03-1.tif,14.746,2636.16,1180.8,2634.24,1178.88,3.84,3.84,,5536.16,3.84
464,0.14;100%;1P;I03-1.tif,29.491,825.6,1186.56,821.76,1182.72,7.68,7.68,,3725.6,7.68
465,0.14;100%;1P;I03-1.tif,44.237,21.12,1191.04,15.36,1186.56,11.52,7.68,,2921.12,11.52
466,0.14;100%;1P;I03-1.tif,29.491,38.4,1188.48,34.56,1186.56,7.68,3.84,,2938.4,7.68
467,0.14;100%;1P;I03-1.tif,58.982,2422.08,1190.4,2415.36,1186.56,11.52,7.68,,5322.08,11.52
468,0.14;100%;1P;I03-1.tif,29.491,2638.08,1188.48,2634.24,1186.56,7.68,3.84,,5538.08,7.68
469,0.14;100%;1P;I03-1.tif,29.491,1777.92,1192.32,1774.08,1190.4,7.68,3.84,,4677.92,7.68
470,0.14;100%;1P;I03-1.tif,191.693,2984.714,1198.523,2976,1190.4,19.2,15.36,,5884.714,19.2
471,0.14;100%;1P;I03-1.tif,73.728,2969.472,1212.288,2964.48,1205.76,11.52,11.52,,5869.472,11.52
472,0.14;100%;1P;I03-1.tif,14.746,1418.88,1219.2,1416.96,1217.28,3.84,3.84,,4318.88,3.84
473,0.14;100%;1P;I03-1.tif,176.947,2607.36,1223.04,2599.68,1217.28,15.36,11.52,,5507.36,15.36
474,0.14;100%;1P;I03-1.tif,103.219,3455.726,1227.429,3448.32,1221.12,15.36,11.52,,6355.726,15.36
475,0.14;100%;1P;I03-1.tif,14.746,3100.8,1226.88,3098.88,1224.96,3.84,3.84,,6000.8,3.84
476,0.14;100%;1P;I03-1.tif,132.71,2503.04,1241.387,2492.16,1236.48,23.04,11.52,,5403.04,23.04
477,0.14;100%;1P;I03-1.tif,1135.411,615.622,1267.225,595.2,1248,42.24,38.4,,3515.622,42.24
478,0.14;100%;1P;I03-1.tif,44.237,2501.76,1253.76,2496,1251.84,11.52,3.84,,5401.76,11.52
479,0.14;100%;1P;I03-1.tif,14.746,3450.24,1253.76,3448.32,1251.84,3.84,3.84,,6350.24,3.84
480,0.14;100%;1P;I03-1.tif,14.746,2736,1265.28,2734.08,1263.36,3.84,3.84,,5636,3.84
481,0.14;100%;1P;I03-1.tif,14.746,2279.04,1269.12,2277.12,1267.2,3.84,3.84,,5179.04,3.84
482,0.14;100%;1P;I03-1.tif,14.746,2647.68,1269.12,2645.76,1267.2,3.84,3.84,,5547.68,3.84
483,0.14;100%;1P;I03-1.tif,14.746,2355.84,1272.96,2353.92,1271.04,3.84,3.84,,5255.84,3.84
484,0.14;100%;1P;I03-1.tif,103.219,2827.611,1277.349,2818.56,1271.04,19.2,11.52,,5727.611,19.2
485,0.14;100%;1P;I03-1.tif,14.746,3377.28,1280.64,3375.36,1278.72,3.84,3.84,,6277.28,3.84
486,0.14;100%;1P;I03-1.tif,471.859,1869.48,1298.4,1858.56,1286.4,23.04,23.04,,4769.48,23.04
487,0.14;100%;1P;I03-1.tif,73.728,2981.76,1291.392,2976,1286.4,11.52,11.52,,5881.76,11.52
488,0.14;100%;1P;I03-1.tif,14.746,2989.44,1303.68,2987.52,1301.76,3.84,3.84,,5889.44,3.84
489,0.14;100%;1P;I03-1.tif,14.746,2286.72,1307.52,2284.8,1305.6,3.84,3.84,,5186.72,3.84
490,0.14;100%;1P;I03-1.tif,44.237,2657.92,1312.64,2653.44,1309.44,7.68,7.68,,5557.92,7.68
491,0.14;100%;1P;I03-1.tif,103.219,2770.011,1319.589,2764.8,1313.28,11.52,15.36,,5670.011,11.52
492,0.14;100%;1P;I03-1.tif,117.965,2905.92,1320.48,2899.2,1313.28,15.36,15.36,,5805.92,15.36
493,0.14;100%;1P;I03-1.tif,73.728,1226.88,1322.88,1221.12,1317.12,11.52,11.52,,4126.88,11.52
494,0.14;100%;1P;I03-1.tif,14.746,3004.8,1319.04,3002.88,1317.12,3.84,3.84,,5904.8,3.84
495,0.14;100%;1P;I03-1.tif,176.947,3227.84,1325.76,3221.76,1317.12,15.36,15.36,,6127.84,15.36
496,0.14;100%;1P;I03-1.tif,29.491,1332.48,1347.84,1328.64,1344,7.68,7.68,,4232.48,7.68
497,0.14;100%;1P;I03-1.tif,14.746,1845.12,1345.92,1843.2,1344,3.84,3.84,,4745.12,3.84
498,0.14;100%;1P;I03-1.tif,14.746,1641.6,1349.76,1639.68,1347.84,3.84,3.84,,4541.6,3.84
499,0.14;100%;1P;I03-1.tif,206.438,2896.457,1361.28,2887.68,1351.68,19.2,19.2,,5796.457,19.2
500,0.14;100%;1P;I03-1.tif,44.237,3384.96,1356.16,3379.2,1351.68,11.52,7.68,,6284.96,11.52
501,0.14;100%;1P;I03-1.tif,14.746,3626.88,1353.6,3624.96,1351.68,3.84,3.84,,6526.88,3.84
502,0.14;100%;1P;I03-1.tif,2270.822,2223.435,1381.203,2196.48,1355.52,57.6,53.76,,5123.435,57.6
503,0.14;100%;1P;I03-1.tif,176.947,1566.4,1370.56,1559.04,1363.2,15.36,15.36,,4466.4,15.36
504,0.14;100%;1P;I03-1.tif,14.746,2014.08,1365.12,2012.16,1363.2,3.84,3.84,,4914.08,3.84
505,0.14;100%;1P;I03-1.tif,221.184,2795.136,1375.104,2784,1363.2,19.2,23.04,,5695.136,19.2
506,0.14;100%;1P;I03-1.tif,117.965,3191.04,1375.68,3183.36,1370.88,19.2,11.52,,6091.04,19.2
507,0.14;100%;1P;I03-1.tif,14.746,2037.12,1388.16,2035.2,1386.24,3.84,3.84,,4937.12,3.84
508,0.14;100%;1P;I03-1.tif,88.474,3242.24,1397.76,3237.12,1390.08,11.52,15.36,,6142.24,11.52
509,0.14;100%;1P;I03-1.tif,14.746,1180.8,1395.84,1178.88,1393.92,3.84,3.84,,4080.8,3.84
510,0.14;100%;1P;I03-1.tif,58.982,3484.8,1400.64,3479.04,1397.76,11.52,7.68,,6384.8,11.52
511,0.14;100%;1P;I03-1.tif,14.746,13.44,1403.52,11.52,1401.6,3.84,3.84,,2913.44,3.84
512,0.14;100%;1P;I03-1.tif,162.202,1741.44,1411.2,1735.68,1401.6,11.52,19.2,,4641.44,11.52
513,0.14;100%;1P;I03-1.tif,206.438,97.371,1411.2,84.48,1405.44,23.04,15.36,,2997.371,23.04
514,0.14;100%;1P;I03-1.tif,29.491,1443.84,1409.28,1440,1405.44,7.68,7.68,,4343.84,7.68
515,0.14;100%;1P;I03-1.tif,117.965,1615.68,1411.68,1608.96,1405.44,15.36,15.36,,4515.68,15.36
516,0.14;100%;1P;I03-1.tif,265.421,2778.88,1415.893,2768.64,1405.44,23.04,19.2,,5678.88,23.04
517,0.14;100%;1P;I03-1.tif,14.746,13.44,1411.2,11.52,1409.28,3.84,3.84,,2913.44,3.84
518,0.14;100%;1P;I03-1.tif,14.746,1296,1411.2,1294.08,1409.28,3.84,3.84,,4196,3.84
519,0.14;100%;1P;I03-1.tif,14.746,2743.68,1415.04,2741.76,1413.12,3.84,3.84,,5643.68,3.84
520,0.14;100%;1P;I03-1.tif,14.746,105.6,1422.72,103.68,1420.8,3.84,3.84,,3005.6,3.84
521,0.14;100%;1P;I03-1.tif,14.746,2739.84,1422.72,2737.92,1420.8,3.84,3.84,,5639.84,3.84
522,0.14;100%;1P;I03-1.tif,29.491,3548.16,1422.72,3544.32,1420.8,7.68,3.84,,6448.16,7.68
523,0.14;100%;1P;I03-1.tif,58.982,2374.08,1427.52,2369.28,1424.64,11.52,7.68,,5274.08,11.52
524,0.14;100%;1P;I03-1.tif,88.474,2446.08,1431.04,2438.4,1424.64,15.36,11.52,,5346.08,15.36
525,0.14;100%;1P;I03-1.tif,14.746,3254.4,1430.4,3252.48,1428.48,3.84,3.84,,6154.4,3.84
526,0.14;100%;1P;I03-1.tif,58.982,2965.44,1445.76,2960.64,1440,7.68,11.52,,5865.44,7.68
527,0.14;100%;1P;I03-1.tif,29.491,3536.64,1449.6,3532.8,1447.68,7.68,3.84,,6436.64,7.68
528,0.14;100%;1P;I03-1.tif,117.965,1207.68,1462.08,1201.92,1455.36,11.52,15.36,,4107.68,11.52
529,0.14;100%;1P;I03-1.tif,132.71,2233.813,1463.253,2223.36,1455.36,19.2,15.36,,5133.813,19.2
530,0.14;100%;1P;I03-1.tif,14.746,1219.2,1461.12,1217.28,1459.2,3.84,3.84,,4119.2,3.84
531,0.14;100%;1P;I03-1.tif,176.947,696.96,1470.72,691.2,1463.04,11.52,15.36,,3596.96,11.52
532,0.14;100%;1P;I03-1.tif,14.746,1065.6,1464.96,1063.68,1463.04,3.84,3.84,,3965.6,3.84
533,0.14;100%;1P;I03-1.tif,14.746,1968,1464.96,1966.08,1463.04,3.84,3.84,,4868,3.84
534,0.14;100%;1P;I03-1.tif,14.746,1223.04,1468.8,1221.12,1466.88,3.84,3.84,,4123.04,3.84
535,0.14;100%;1P;I03-1.tif,44.237,1804.16,1480.32,1800.96,1474.56,7.68,11.52,,4704.16,7.68
536,0.14;100%;1P;I03-1.tif,14.746,2236.8,1476.48,2234.88,1474.56,3.84,3.84,,5136.8,3.84
537,0.14;100%;1P;I03-1.tif,29.491,3189.12,1478.4,3187.2,1474.56,3.84,7.68,,6089.12,3.84
538,0.14;100%;1P;I03-1.tif,29.491,1447.68,1480.32,1443.84,1478.4,7.68,3.84,,4347.68,7.68
539,0.14;100%;1P;I03-1.tif,29.491,2628.48,1497.6,2626.56,1493.76,3.84,7.68,,5528.48,3.84
540,0.14;100%;1P;I03-1.tif,2152.858,1724.292,1532.607,1697.28,1501.44,57.6,57.6,,4624.292,57.6
541,0.14;100%;1P;I03-1.tif,29.491,1758.72,1503.36,1754.88,1501.44,7.68,3.84,,4658.72,7.68
542,0.14;100%;1P;I03-1.tif,14.746,2947.2,1503.36,2945.28,1501.44,3.84,3.84,,5847.2,3.84
543,0.14;100%;1P;I03-1.tif,44.237,1361.28,1509.76,1355.52,1505.28,11.52,7.68,,4261.28,11.52
544,0.14;100%;1P;I03-1.tif,73.728,3273.6,1513.344,3267.84,1505.28,11.52,15.36,,6173.6,11.52
545,0.14;100%;1P;I03-1.tif,73.728,2057.856,1514.88,2050.56,1509.12,15.36,11.52,,4957.856,15.36
546,0.14;100%;1P;I03-1.tif,29.491,1359.36,1522.56,1355.52,1520.64,7.68,3.84,,4259.36,7.68
547,0.14;100%;1P;I03-1.tif,14.746,2778.24,1522.56,2776.32,1520.64,3.84,3.84,,5678.24,3.84
548,0.14;100%;1P;I03-1.tif,44.237,2049.92,1528.96,2046.72,1524.48,7.68,7.68,,4949.92,7.68
549,0.14;100%;1P;I03-1.tif,73.728,2514.048,1535.616,2507.52,1528.32,11.52,15.36,,5414.048,11.52
550,0.14;100%;1P;I03-1.tif,14.746,2044.8,1537.92,2042.88,1536,3.84,3.84,,4944.8,3.84
551,0.14;100%;1P;I03-1.tif,132.71,2435.2,1543.04,2426.88,1536,15.36,15.36,,5335.2,15.36
552,0.14;100%;1P;I03-1.tif,442.368,3301.76,1552.128,3290.88,1536,23.04,26.88,,6201.76,23.04
553,0.14;100%;1P;I03-1.tif,14.746,1057.92,1545.6,1056,1543.68,3.84,3.84,,3957.92,3.84
554,0.14;100%;1P;I03-1.tif,132.71,3164.373,1549.013,3152.64,1543.68,19.2,15.36,,6064.373,19.2
555,0.14;100%;1P;I03-1.tif,14.746,2367.36,1553.28,2365.44,1551.36,3.84,3.84,,5267.36,3.84
556,0.14;100%;1P;I03-1.tif,235.93,1048.08,1566.48,1040.64,1555.2,15.36,19.2,,3948.08,15.36
557,0.14;100%;1P;I03-1.tif,191.693,3014.843,1565.982,3006.72,1559.04,19.2,15.36,,5914.843,19.2
558,0.14;100%;1P;I03-1.tif,14.746,2820.48,1564.8,2818.56,1562.88,3.84,3.84,,5720.48,3.84
559,0.14;100%;1P;I03-1.tif,73.728,3256.704,1568.64,3252.48,1562.88,7.68,11.52,,6156.704,7.68
560,0.14;100%;1P;I03-1.tif,44.237,3304.32,1568.64,3298.56,1566.72,11.52,3.84,,6204.32,11.52
561,0.14;100%;1P;I03-1.tif,29.491,1566.72,1572.48,1562.88,1570.56,7.68,3.84,,4466.72,7.68
562,0.14;100%;1P;I03-1.tif,176.947,1918.4,1579.2,1912.32,1570.56,15.36,15.36,,4818.4,15.36
563,0.14;100%;1P;I03-1.tif,44.237,2820.48,1572.48,2814.72,1570.56,11.52,3.84,,5720.48,11.52
564,0.14;100%;1P;I03-1.tif,14.746,3265.92,1572.48,3264,1570.56,3.84,3.84,,6165.92,3.84
565,0.14;100%;1P;I03-1.tif,14.746,1545.6,1576.32,1543.68,1574.4,3.84,3.84,,4445.6,3.84
566,0.14;100%;1P;I03-1.tif,1415.578,551.76,1603.48,529.92,1582.08,42.24,42.24,,3451.76,42.24
567,0.14;100%;1P;I03-1.tif,58.982,2327.04,1587.84,2323.2,1582.08,7.68,11.52,,5227.04,7.68
568,0.14;100%;1P;I03-1.tif,176.947,2627.84,1595.52,2618.88,1589.76,19.2,11.52,,5527.84,19.2
569,0.14;100%;1P;I03-1.tif,14.746,3373.44,1603.2,3371.52,1601.28,3.84,3.84,,6273.44,3.84
570,0.14;100%;1P;I03-1.tif,162.202,2495.476,1618.909,2488.32,1608.96,15.36,19.2,,5395.476,15.36
571,0.14;100%;1P;I03-1.tif,88.474,2378.24,1624.96,2369.28,1620.48,19.2,7.68,,5278.24,19.2
572,0.14;100%;1P;I03-1.tif,103.219,3379.474,1633.371,3375.36,1624.32,11.52,15.36,,6279.474,11.52
573,0.14;100%;1P;I03-1.tif,14.746,2943.36,1633.92,2941.44,1632,3.84,3.84,,5843.36,3.84
574,0.14;100%;1P;I03-1.tif,14.746,3227.52,1633.92,3225.6,1632,3.84,3.84,,6127.52,3.84
575,0.14;100%;1P;I03-1.tif,250.675,3201.092,1647.021,3187.2,1635.84,23.04,19.2,,6101.092,23.04
576,0.14;100%;1P;I03-1.tif,132.71,1977.813,1659.093,1969.92,1651.2,15.36,15.36,,4877.813,15.36
577,0.14;100%;1P;I03-1.tif,14.746,2474.88,1653.12,2472.96,1651.2,3.84,3.84,,5374.88,3.84
578,0.14;100%;1P;I03-1.tif,14.746,2824.32,1653.12,2822.4,1651.2,3.84,3.84,,5724.32,3.84
579,0.14;100%;1P;I03-1.tif,206.438,2676.48,1662.446,2661.12,1655.04,30.72,15.36,,5576.48,30.72
580,0.14;100%;1P;I03-1.tif,14.746,2766.72,1664.64,2764.8,1662.72,3.84,3.84,,5666.72,3.84
581,0.14;100%;1P;I03-1.tif,294.912,2835.456,1672.512,2826.24,1662.72,19.2,19.2,,5735.456,19.2
582,0.14;100%;1P;I03-1.tif,309.658,521.6,1680.731,506.88,1666.56,26.88,26.88,,3421.6,26.88
583,0.14;100%;1P;I03-1.tif,147.456,1632.384,1675.008,1624.32,1666.56,15.36,15.36,,4532.384,15.36
584,0.14;100%;1P;I03-1.tif,29.491,197.76,1674.24,195.84,1670.4,3.84,7.68,,3097.76,3.84
585,0.14;100%;1P;I03-1.tif,14.746,2444.16,1676.16,2442.24,1674.24,3.84,3.84,,5344.16,3.84
586,0.14;100%;1P;I03-1.tif,176.947,1798.72,1684.16,1789.44,1678.08,19.2,11.52,,4698.72,19.2
587,0.14;100%;1P;I03-1.tif,14.746,2739.84,1680,2737.92,1678.08,3.84,3.84,,5639.84,3.84
588,0.14;100%;1P;I03-1.tif,44.237,3123.84,1682.56,3118.08,1678.08,11.52,7.68,,6023.84,11.52
589,0.14;100%;1P;I03-1.tif,14.746,3265.92,1680,3264,1678.08,3.84,3.84,,6165.92,3.84
590,0.14;100%;1P;I03-1.tif,14.746,3008.64,1683.84,3006.72,1681.92,3.84,3.84,,5908.64,3.84
591,0.14;100%;1P;I03-1.tif,191.693,623.409,1697.428,614.4,1689.6,15.36,15.36,,3523.409,15.36
592,0.14;100%;1P;I03-1.tif,117.965,1653.6,1697.76,1647.36,1689.6,11.52,15.36,,4553.6,11.52
593,0.14;100%;1P;I03-1.tif,103.219,2641.097,1696.457,2634.24,1689.6,11.52,15.36,,5541.097,11.52
594,0.14;100%;1P;I03-1.tif,29.491,1739.52,1697.28,1735.68,1693.44,7.68,7.68,,4639.52,7.68
595,0.14;100%;1P;I03-1.tif,117.965,1172.16,1703.04,1163.52,1697.28,15.36,11.52,,4072.16,15.36
596,0.14;100%;1P;I03-1.tif,44.237,1205.12,1701.76,1201.92,1697.28,7.68,7.68,,4105.12,7.68
597,0.14;100%;1P;I03-1.tif,58.982,2833.92,1706.88,2830.08,1701.12,7.68,11.52,,5733.92,7.68
598,0.14;100%;1P;I03-1.tif,44.237,2529.92,1709.44,2526.72,1704.96,7.68,7.68,,5429.92,7.68
599,0.14;100%;1P;I03-1.tif,117.965,3139.2,1708.32,3129.6,1704.96,19.2,7.68,,6039.2,19.2
600,0.14;100%;1P;I03-1.tif,14.746,2724.48,1710.72,2722.56,1708.8,3.84,3.84,,5624.48,3.84
601,0.14;100%;1P;I03-1.tif,14.746,1031.04,1714.56,1029.12,1712.64,3.84,3.84,,3931.04,3.84
602,0.14;100%;1P;I03-1.tif,44.237,1040,1718.4,1036.8,1712.64,7.68,11.52,,3940,7.68
603,0.14;100%;1P;I03-1.tif,206.438,2940.891,1722.24,2929.92,1712.64,19.2,19.2,,5840.891,19.2
604,0.14;100%;1P;I03-1.tif,14.746,2536.32,1722.24,2534.4,1720.32,3.84,3.84,,5436.32,3.84
605,0.14;100%;1P;I03-1.tif,14.746,3553.92,1726.08,3552,1724.16,3.84,3.84,,6453.92,3.84
606,0.14;100%;1P;I03-1.tif,1194.394,646.803,1750.59,625.92,1728,42.24,42.24,,3546.803,42.24
607,0.14;100%;1P;I03-1.tif,88.474,1749.12,1731.84,1739.52,1728,19.2,7.68,,4649.12,19.2
608,0.14;100%;1P;I03-1.tif,44.237,1870.72,1731.2,1866.24,1728,7.68,7.68,,4770.72,7.68
609,0.14;100%;1P;I03-1.tif,73.728,2734.464,1731.456,2726.4,1728,15.36,7.68,,5634.464,15.36
610,0.14;100%;1P;I03-1.tif,88.474,3577.6,1733.76,3571.2,1728,11.52,11.52,,6477.6,11.52
611,0.14;100%;1P;I03-1.tif,88.474,2431.36,1736.32,2423.04,1731.84,15.36,11.52,,5331.36,15.36
612,0.14;100%;1P;I03-1.tif,73.728,2587.008,1741.44,2580.48,1735.68,11.52,11.52,,5487.008,11.52
613,0.14;100%;1P;I03-1.tif,147.456,3230.592,1741.44,3221.76,1735.68,15.36,11.52,,6130.592,15.36
614,0.14;100%;1P;I03-1.tif,73.728,2816.64,1746.048,2810.88,1739.52,11.52,11.52,,5716.64,11.52
615,0.14;100%;1P;I03-1.tif,29.491,1380.48,1747.2,1378.56,1743.36,3.84,7.68,,4280.48,3.84
616,0.14;100%;1P;I03-1.tif,162.202,3540.655,1752.262,3528.96,1747.2,19.2,11.52,,6440.655,19.2
617,0.14;100%;1P;I03-1.tif,14.746,3000.96,1760.64,2999.04,1758.72,3.84,3.84,,5900.96,3.84
618,0.14;100%;1P;I03-1.tif,29.491,1766.4,1764.48,1762.56,1762.56,7.68,3.84,,4666.4,7.68
619,0.14;100%;1P;I03-1.tif,29.491,2469.12,1764.48,2465.28,1762.56,7.68,3.84,,5369.12,7.68
620,0.14;100%;1P;I03-1.tif,44.237,3543.68,1776,3540.48,1770.24,7.68,11.52,,6443.68,7.68
621,0.14;100%;1P;I03-1.tif,14.746,1768.32,1776,1766.4,1774.08,3.84,3.84,,4668.32,3.84
622,0.14;100%;1P;I03-1.tif,14.746,2459.52,1776,2457.6,1774.08,3.84,3.84,,5359.52,3.84
623,0.14;100%;1P;I03-1.tif,191.693,2163.84,1784.271,2154.24,1777.92,19.2,15.36,,5063.84,19.2
624,0.14;100%;1P;I03-1.tif,14.746,2609.28,1779.84,2607.36,1777.92,3.84,3.84,,5509.28,3.84
625,0.14;100%;1P;I03-1.tif,14.746,2613.12,1787.52,2611.2,1785.6,3.84,3.84,,5513.12,3.84
626,0.14;100%;1P;I03-1.tif,103.219,124.251,1795.749,119.04,1789.44,11.52,15.36,,3024.251,11.52
627,0.14;100%;1P;I03-1.tif,29.491,2221.44,1793.28,2219.52,1789.44,3.84,7.68,,5121.44,3.84
628,0.14;100%;1P;I03-1.tif,14.746,2847.36,1791.36,2845.44,1789.44,3.84,3.84,,5747.36,3.84
629,0.14;100%;1P;I03-1.tif,132.71,3503.573,1794.347,3494.4,1789.44,15.36,11.52,,6403.573,15.36
630,0.14;100%;1P;I03-1.tif,29.491,1597.44,1804.8,1593.6,1800.96,7.68,7.68,,4497.44,7.68
631,0.14;100%;1P;I03-1.tif,14.746,209.28,1806.72,207.36,1804.8,3.84,3.84,,3109.28,3.84
632,0.14;100%;1P;I03-1.tif,14.746,1933.44,1806.72,1931.52,1804.8,3.84,3.84,,4833.44,3.84
633,0.14;100%;1P;I03-1.tif,103.219,1844.023,1822.08,1835.52,1816.32,15.36,11.52,,4744.023,15.36
634,0.14;100%;1P;I03-1.tif,14.746,3081.6,1818.24,3079.68,1816.32,3.84,3.84,,5981.6,3.84
635,0.14;100%;1P;I03-1.tif,14.746,2774.4,1822.08,2772.48,1820.16,3.84,3.84,,5674.4,3.84
636,0.14;100%;1P;I03-1.tif,73.728,1286.784,1828.224,1278.72,1824,15.36,11.52,,4186.784,15.36
637,0.14;100%;1P;I03-1.tif,117.965,3261.6,1831.2,3256.32,1824,11.52,15.36,,6161.6,11.52
638,0.14;100%;1P;I03-1.tif,14.746,2198.4,1833.6,2196.48,1831.68,3.84,3.84,,5098.4,3.84
639,0.14;100%;1P;I03-1.tif,44.237,2208.64,1841.28,2204.16,1835.52,7.68,11.52,,5108.64,7.68
640,0.14;100%;1P;I03-1.tif,88.474,3544.32,1839.36,3536.64,1835.52,15.36,7.68,,6444.32,15.36
641,0.14;100%;1P;I03-1.tif,14.746,1280.64,1841.28,1278.72,1839.36,3.84,3.84,,4180.64,3.84
642,0.14;100%;1P;I03-1.tif,58.982,1608.96,1845.12,1605.12,1839.36,7.68,11.52,,4508.96,7.68
643,0.14;100%;1P;I03-1.tif,132.71,1655.68,1845.12,1647.36,1839.36,15.36,11.52,,4555.68,15.36
644,0.14;100%;1P;I03-1.tif,280.166,2947.2,1854.215,2937.6,1839.36,19.2,30.72,,5847.2,19.2
645,0.14;100%;1P;I03-1.tif,14.746,3073.92,1841.28,3072,1839.36,3.84,3.84,,5973.92,3.84
646,0.14;100%;1P;I03-1.tif,103.219,28.8,1857.189,23.04,1850.88,11.52,11.52,,2928.8,11.52
647,0.14;100%;1P;I03-1.tif,206.438,3106.011,1863.223,3098.88,1854.72,15.36,15.36,,6006.011,15.36
648,0.14;100%;1P;I03-1.tif,250.675,2147.351,1872.226,2138.88,1862.4,19.2,19.2,,5047.351,19.2
649,0.14;100%;1P;I03-1.tif,825.754,2537.211,1880.709,2519.04,1862.4,34.56,38.4,,5437.211,34.56
650,0.14;100%;1P;I03-1.tif,250.675,1938.184,1875.614,1927.68,1866.24,23.04,19.2,,4838.184,23.04
651,0.14;100%;1P;I03-1.tif,88.474,2777.6,1875.84,2772.48,1870.08,11.52,11.52,,5677.6,11.52
652,0.14;100%;1P;I03-1.tif,14.746,1476.48,1879.68,1474.56,1877.76,3.84,3.84,,4376.48,3.84
653,0.14;100%;1P;I03-1.tif,73.728,3547.776,1883.52,3540.48,1877.76,15.36,11.52,,6447.776,15.36
654,0.14;100%;1P;I03-1.tif,103.219,3484.8,1898.88,3479.04,1893.12,11.52,11.52,,6384.8,11.52
655,0.14;100%;1P;I03-1.tif,14.746,1184.64,1898.88,1182.72,1896.96,3.84,3.84,,4084.64,3.84
656,0.14;100%;1P;I03-1.tif,132.71,1725.653,1914.667,1716.48,1908.48,15.36,15.36,,4625.653,15.36
657,0.14;100%;1P;I03-1.tif,191.693,1568.049,1919.852,1559.04,1912.32,19.2,19.2,,4468.049,19.2
658,0.14;100%;1P;I03-1.tif,14.746,2977.92,1921.92,2976,1920,3.84,3.84,,5877.92,3.84
659,0.14;100%;1P;I03-1.tif,14.746,2981.76,1929.6,2979.84,1927.68,3.84,3.84,,5881.76,3.84
660,0.14;100%;1P;I03-1.tif,14.746,67.2,1941.12,65.28,1939.2,3.84,3.84,,2967.2,3.84
661,0.14;100%;1P;I03-1.tif,29.491,723.84,1943.04,721.92,1939.2,3.84,7.68,,3623.84,3.84
662,0.14;100%;1P;I03-1.tif,14.746,1173.12,1944.96,1171.2,1943.04,3.84,3.84,,4073.12,3.84
663,0.14;100%;1P;I03-1.tif,722.534,2271.673,1963.141,2257.92,1946.88,30.72,30.72,,5171.673,30.72
664,0.14;100%;1P;I03-1.tif,88.474,71.68,1957.12,61.44,1950.72,19.2,11.52,,2971.68,19.2
665,0.14;100%;1P;I03-1.tif,14.746,1130.88,1956.48,1128.96,1954.56,3.84,3.84,,4030.88,3.84
666,0.14;100%;1P;I03-1.tif,117.965,2762.88,1965.12,2757.12,1954.56,11.52,19.2,,5662.88,11.52
667,0.14;100%;1P;I03-1.tif,14.746,2816.64,1971.84,2814.72,1969.92,3.84,3.84,,5716.64,3.84
668,0.14;100%;1P;I03-1.tif,14.746,2858.88,1971.84,2856.96,1969.92,3.84,3.84,,5758.88,3.84
669,0.14;100%;1P;I03-1.tif,14.746,3611.52,1971.84,3609.6,1969.92,3.84,3.84,,6511.52,3.84
670,0.14;100%;1P;I03-1.tif,14.746,558.72,1979.52,556.8,1977.6,3.84,3.84,,3458.72,3.84
671,0.14;100%;1P;I03-1.tif,29.491,2365.44,1981.44,2361.6,1977.6,7.68,7.68,,5265.44,7.68
672,0.14;100%;1P;I03-1.tif,14.746,2812.8,1979.52,2810.88,1977.6,3.84,3.84,,5712.8,3.84
673,0.14;100%;1P;I03-1.tif,14.746,2843.52,1979.52,2841.6,1977.6,3.84,3.84,,5743.52,3.84
674,0.14;100%;1P;I03-1.tif,73.728,2520.192,1996.416,2515.2,1992.96,11.52,7.68,,5420.192,11.52
675,0.14;100%;1P;I03-1.tif,14.746,2712.96,1994.88,2711.04,1992.96,3.84,3.84,,5612.96,3.84
676,0.14;100%;1P;I03-1.tif,29.491,2720.64,1996.8,2718.72,1992.96,3.84,7.68,,5620.64,3.84
677,0.14;100%;1P;I03-1.tif,29.491,3060.48,1994.88,3056.64,1992.96,7.68,3.84,,5960.48,7.68
678,0.14;100%;1P;I03-1.tif,29.491,3148.8,1994.88,3144.96,1992.96,7.68,3.84,,6048.8,7.68
679,0.14;100%;1P;I03-1.tif,58.982,2020.8,2007.36,2016,2000.64,7.68,11.52,,4920.8,7.68
680,0.14;100%;1P;I03-1.tif,14.746,1345.92,2006.4,1344,2004.48,3.84,3.84,,4245.92,3.84
681,0.14;100%;1P;I03-1.tif,14.746,1453.44,2014.08,1451.52,2012.16,3.84,3.84,,4353.44,3.84
682,0.14;100%;1P;I03-1.tif,58.982,1708.8,2017.92,1701.12,2012.16,15.36,11.52,,4608.8,15.36
683,0.14;100%;1P;I03-1.tif,14.746,3020.16,2014.08,3018.24,2012.16,3.84,3.84,,5920.16,3.84
684,0.14;100%;1P;I03-1.tif,14.746,1395.84,2017.92,1393.92,2016,3.84,3.84,,4295.84,3.84
685,0.14;100%;1P;I03-1.tif,14.746,1741.44,2017.92,1739.52,2016,3.84,3.84,,4641.44,3.84
686,0.14;100%;1P;I03-1.tif,29.491,2684.16,2017.92,2680.32,2016,7.68,3.84,,5584.16,7.68
687,0.14;100%;1P;I03-1.tif,14.746,2901.12,2025.6,2899.2,2023.68,3.84,3.84,,5801.12,3.84
688,0.14;100%;1P;I03-1.tif,221.184,3298.688,2032.768,3287.04,2023.68,23.04,15.36,,6198.688,23.04
689,0.14;100%;1P;I03-1.tif,117.965,3469.44,2030.4,3463.68,2023.68,15.36,11.52,,6369.44,15.36
690,0.14;100%;1P;I03-1.tif,58.982,1680.96,2041.92,1678.08,2035.2,7.68,11.52,,4580.96,7.68
691,0.14;100%;1P;I03-1.tif,14.746,2213.76,2037.12,2211.84,2035.2,3.84,3.84,,5113.76,3.84
692,0.14;100%;1P;I03-1.tif,58.982,176.64,2042.88,172.8,2039.04,7.68,7.68,,3076.64,7.68
693,0.14;100%;1P;I03-1.tif,58.982,1645.44,2042.88,1639.68,2039.04,11.52,7.68,,4545.44,11.52
694,0.14;100%;1P;I03-1.tif,14.746,2663.04,2040.96,2661.12,2039.04,3.84,3.84,,5563.04,3.84
695,0.14;100%;1P;I03-1.tif,58.982,3132.48,2044.8,3125.76,2039.04,11.52,11.52,,6032.48,11.52
696,0.14;100%;1P;I03-1.tif,88.474,631.68,2051.84,625.92,2046.72,11.52,11.52,,3531.68,11.52
697,0.14;100%;1P;I03-1.tif,796.262,1178.311,2061.796,1136.64,2046.72,69.12,30.72,,4078.311,69.12
698,0.14;100%;1P;I03-1.tif,117.965,2595.84,2052.48,2588.16,2046.72,15.36,11.52,,5495.84,15.36
699,0.14;100%;1P;I03-1.tif,29.491,2580.48,2052.48,2576.64,2050.56,7.68,3.84,,5480.48,7.68
700,0.14;100%;1P;I03-1.tif,73.728,2093.952,2062.464,2088.96,2058.24,11.52,7.68,,4993.952,11.52
701,0.14;100%;1P;I03-1.tif,191.693,2905.255,2073.748,2899.2,2062.08,15.36,19.2,,5805.255,15.36
702,0.14;100%;1P;I03-1.tif,14.746,2094.72,2087.04,2092.8,2085.12,3.84,3.84,,4994.72,3.84
703,0.14;100%;1P;I03-1.tif,14.746,2974.08,2087.04,2972.16,2085.12,3.84,3.84,,5874.08,3.84
704,0.14;100%;1P;I03-1.tif,88.474,3459.2,2095.36,3452.16,2088.96,11.52,11.52,,6359.2,11.52
705,0.14;100%;1P;I03-1.tif,14.746,2079.36,2098.56,2077.44,2096.64,3.84,3.84,,4979.36,3.84
706,0.14;100%;1P;I03-1.tif,44.237,2154.88,2107.52,2150.4,2104.32,7.68,7.68,,5054.88,7.68
707,0.14;100%;1P;I03-1.tif,398.131,2270.507,2117.333,2254.08,2104.32,30.72,23.04,,5170.507,30.72
708,0.14;100%;1P;I03-1.tif,14.746,1357.44,2113.92,1355.52,2112,3.84,3.84,,4257.44,3.84
709,0.14;100%;1P;I03-1.tif,14.746,1549.44,2117.76,1547.52,2115.84,3.84,3.84,,4449.44,3.84
710,0.14;100%;1P;I03-1.tif,29.491,2837.76,2117.76,2833.92,2115.84,7.68,3.84,,5737.76,7.68
711,0.14;100%;1P;I03-1.tif,14.746,2993.28,2121.6,2991.36,2119.68,3.84,3.84,,5893.28,3.84
712,0.14;100%;1P;I03-1.tif,44.237,1045.12,2128,1040.64,2123.52,7.68,7.68,,3945.12,7.68
713,0.14;100%;1P;I03-1.tif,73.728,1411.968,2127.744,1405.44,2123.52,11.52,7.68,,4311.968,11.52
714,0.14;100%;1P;I03-1.tif,14.746,2321.28,2125.44,2319.36,2123.52,3.84,3.84,,5221.28,3.84
715,0.14;100%;1P;I03-1.tif,14.746,1891.2,2129.28,1889.28,2127.36,3.84,3.84,,4791.2,3.84
716,0.14;100%;1P;I03-1.tif,73.728,2358.144,2132.352,2350.08,2127.36,15.36,7.68,,5258.144,15.36
717,0.14;100%;1P;I03-1.tif,44.237,736.64,2135.68,733.44,2131.2,7.68,7.68,,3636.64,7.68
718,0.14;100%;1P;I03-1.tif,14.746,1057.92,2133.12,1056,2131.2,3.84,3.84,,3957.92,3.84
719,0.14;100%;1P;I03-1.tif,14.746,1898.88,2136.96,1896.96,2135.04,3.84,3.84,,4798.88,3.84
720,0.14;100%;1P;I03-1.tif,44.237,3195.52,2138.24,3191.04,2135.04,7.68,7.68,,6095.52,7.68
721,0.14;100%;1P;I03-1.tif,14.746,1046.4,2144.64,1044.48,2142.72,3.84,3.84,,3946.4,3.84
722,0.14;100%;1P;I03-1.tif,14.746,551.04,2152.32,549.12,2150.4,3.84,3.84,,3451.04,3.84
723,0.14;100%;1P;I03-1.tif,58.982,1503.36,2160.96,1497.6,2154.24,11.52,11.52,,4403.36,11.52
724,0.14;100%;1P;I03-1.tif,825.754,2019.84,2192.229,1992.96,2161.92,46.08,57.6,,4919.84,46.08
725,0.14;100%;1P;I03-1.tif,44.237,2798.72,2166.4,2795.52,2161.92,7.68,7.68,,5698.72,7.68
726,0.14;100%;1P;I03-1.tif,14.746,3269.76,2163.84,3267.84,2161.92,3.84,3.84,,6169.76,3.84
727,0.14;100%;1P;I03-1.tif,14.746,2747.52,2171.52,2745.6,2169.6,3.84,3.84,,5647.52,3.84
728,0.14;100%;1P;I03-1.tif,44.237,2785.92,2174.08,2780.16,2169.6,11.52,7.68,,5685.92,11.52
729,0.14;100%;1P;I03-1.tif,14.746,3273.6,2171.52,3271.68,2169.6,3.84,3.84,,6173.6,3.84
730,0.14;100%;1P;I03-1.tif,44.237,1992.32,2183.04,1989.12,2177.28,7.68,11.52,,4892.32,7.68
731,0.14;100%;1P;I03-1.tif,29.491,2745.6,2179.2,2741.76,2177.28,7.68,3.84,,5645.6,7.68
732,0.14;100%;1P;I03-1.tif,206.438,1972.114,2192.914,1962.24,2181.12,19.2,23.04,,4872.114,19.2
733,0.14;100%;1P;I03-1.tif,44.237,1769.6,2200.96,1766.4,2196.48,7.68,7.68,,4669.6,7.68
734,0.14;100%;1P;I03-1.tif,14.746,3162.24,2198.4,3160.32,2196.48,3.84,3.84,,6062.24,3.84
735,0.14;100%;1P;I03-1.tif,14.746,3519.36,2198.4,3517.44,2196.48,3.84,3.84,,6419.36,3.84
736,0.14;100%;1P;I03-1.tif,221.184,1787.776,2212.736,1777.92,2204.16,19.2,15.36,,4687.776,19.2
737,0.14;100%;1P;I03-1.tif,103.219,2091.429,2209.92,2085.12,2204.16,11.52,11.52,,4991.429,11.52
738,0.14;100%;1P;I03-1.tif,457.114,1042.684,2223.298,1029.12,2208,26.88,30.72,,3942.684,26.88
739,0.14;100%;1P;I03-1.tif,14.746,2305.92,2209.92,2304,2208,3.84,3.84,,5205.92,3.84
740,0.14;100%;1P;I03-1.tif,14.746,1426.56,2229.12,1424.64,2227.2,3.84,3.84,,4326.56,3.84
741,0.14;100%;1P;I03-1.tif,14.746,2613.12,2232.96,2611.2,2231.04,3.84,3.84,,5513.12,3.84
742,0.14;100%;1P;I03-1.tif,73.728,3207.552,2237.568,3202.56,2231.04,11.52,11.52,,6107.552,11.52
743,0.14;100%;1P;I03-1.tif,73.728,28.032,2247.552,23.04,2242.56,11.52,11.52,,2928.032,11.52
744,0.14;100%;1P;I03-1.tif,280.166,1949.406,2256.606,1935.36,2246.4,26.88,19.2,,4849.406,26.88
745,0.14;100%;1P;I03-1.tif,14.746,3500.16,2248.32,3498.24,2246.4,3.84,3.84,,6400.16,3.84
746,0.14;100%;1P;I03-1.tif,29.491,3102.72,2254.08,3098.88,2250.24,7.68,7.68,,6002.72,7.68
747,0.14;100%;1P;I03-1.tif,73.728,2596.992,2269.824,2592,2265.6,11.52,7.68,,5496.992,11.52
748,0.14;100%;1P;I03-1.tif,309.658,3253.851,2277.211,3244.8,2265.6,19.2,23.04,,6153.851,19.2
749,0.14;100%;1P;I03-1.tif,14.746,2712.96,2271.36,2711.04,2269.44,3.84,3.84,,5612.96,3.84
750,0.14;100%;1P;I03-1.tif,73.728,1605.504,2295.168,1601.28,2288.64,7.68,11.52,,4505.504,7.68
751,0.14;100%;1P;I03-1.tif,44.237,2362.24,2293.12,2357.76,2288.64,7.68,7.68,,5262.24,7.68
752,0.14;100%;1P;I03-1.tif,14.746,2801.28,2294.4,2799.36,2292.48,3.84,3.84,,5701.28,3.84
753,0.14;100%;1P;I03-1.tif,14.746,3331.2,2294.4,3329.28,2292.48,3.84,3.84,,6231.2,3.84
754,0.14;100%;1P;I03-1.tif,14.746,1998.72,2298.24,1996.8,2296.32,3.84,3.84,,4898.72,3.84
755,0.14;100%;1P;I03-1.tif,14.746,3073.92,2298.24,3072,2296.32,3.84,3.84,,5973.92,3.84
756,0.14;100%;1P;I03-1.tif,14.746,1100.16,2302.08,1098.24,2300.16,3.84,3.84,,4000.16,3.84
757,0.14;100%;1P;I03-1.tif,73.728,2935.68,2305.152,2929.92,2300.16,11.52,11.52,,5835.68,11.52
758,0.14;100%;1P;I03-1.tif,14.746,2471.04,2305.92,2469.12,2304,3.84,3.84,,5371.04,3.84
759,0.14;100%;1P;I03-1.tif,14.746,3388.8,2305.92,3386.88,2304,3.84,3.84,,6288.8,3.84
760,0.14;100%;1P;I03-1.tif,14.746,2482.56,2313.6,2480.64,2311.68,3.84,3.84,,5382.56,3.84
761,0.14;100%;1P;I03-1.tif,162.202,2725.876,2318.836,2718.72,2311.68,15.36,15.36,,5625.876,15.36
762,0.14;100%;1P;I03-1.tif,88.474,3349.12,2323.84,3340.8,2319.36,19.2,7.68,,6249.12,19.2
763,0.14;100%;1P;I03-1.tif,29.491,1413.12,2332.8,1409.28,2330.88,7.68,3.84,,4313.12,7.68
764,0.14;100%;1P;I03-1.tif,1327.104,283.733,2356.736,261.12,2334.72,46.08,42.24,,3183.733,46.08
765,0.14;100%;1P;I03-1.tif,14.746,2136.96,2336.64,2135.04,2334.72,3.84,3.84,,5036.96,3.84
766,0.14;100%;1P;I03-1.tif,58.982,3281.28,2350.08,3275.52,2346.24,11.52,7.68,,6181.28,11.52
767,0.14;100%;1P;I03-1.tif,29.491,712.32,2361.6,710.4,2357.76,3.84,7.68,,3612.32,3.84
768,0.14;100%;1P;I03-1.tif,29.491,2146.56,2359.68,2142.72,2357.76,7.68,3.84,,5046.56,7.68
769,0.14;100%;1P;I03-1.tif,29.491,2682.24,2361.6,2680.32,2357.76,3.84,7.68,,5582.24,3.84
770,0.14;100%;1P;I03-1.tif,14.746,528,2363.52,526.08,2361.6,3.84,3.84,,3428,3.84
771,0.14;100%;1P;I03-1.tif,14.746,720,2367.36,718.08,2365.44,3.84,3.84,,3620,3.84
772,0.14;100%;1P;I03-1.tif,324.403,2189.324,2374.167,2177.28,2365.44,30.72,19.2,,5089.324,30.72
773,0.14;100%;1P;I03-1.tif,14.746,2213.76,2371.2,2211.84,2369.28,3.84,3.84,,5113.76,3.84
774,0.14;100%;1P;I03-1.tif,73.728,2544.768,2376.576,2538.24,2373.12,11.52,7.68,,5444.768,11.52
775,0.14;100%;1P;I03-1.tif,44.237,3008.64,2378.88,3006.72,2373.12,3.84,11.52,,5908.64,3.84
776,0.14;100%;1P;I03-1.tif,191.693,2209.625,2387.151,2200.32,2376.96,15.36,19.2,,5109.625,15.36
777,0.14;100%;1P;I03-1.tif,103.219,1101.806,2387.109,1094.4,2380.8,15.36,11.52,,4001.806,15.36
778,0.14;100%;1P;I03-1.tif,14.746,2075.52,2382.72,2073.6,2380.8,3.84,3.84,,4975.52,3.84
779,0.14;100%;1P;I03-1.tif,14.746,2417.28,2382.72,2415.36,2380.8,3.84,3.84,,5317.28,3.84
780,0.14;100%;1P;I03-1.tif,14.746,1319.04,2386.56,1317.12,2384.64,3.84,3.84,,4219.04,3.84
781,0.14;100%;1P;I03-1.tif,29.491,1954.56,2392.32,1950.72,2388.48,7.68,7.68,,4854.56,7.68
782,0.14;100%;1P;I03-1.tif,191.693,3013.662,2396.308,3002.88,2388.48,19.2,15.36,,5913.662,19.2
783,0.14;100%;1P;I03-1.tif,44.237,2842.24,2399.36,2837.76,2396.16,7.68,7.68,,5742.24,7.68
784,0.14;100%;1P;I03-1.tif,14.746,3507.84,2409.6,3505.92,2407.68,3.84,3.84,,6407.84,3.84
785,0.14;100%;1P;I03-1.tif,103.219,1456.731,2418.926,1451.52,2411.52,11.52,15.36,,4356.731,11.52
786,0.14;100%;1P;I03-1.tif,58.982,1340.16,2419.2,1336.32,2415.36,7.68,7.68,,4240.16,7.68
787,0.14;100%;1P;I03-1.tif,14.746,2336.64,2417.28,2334.72,2415.36,3.84,3.84,,5236.64,3.84
788,0.14;100%;1P;I03-1.tif,14.746,1729.92,2432.64,1728,2430.72,3.84,3.84,,4629.92,3.84
789,0.14;100%;1P;I03-1.tif,14.746,2083.2,2436.48,2081.28,2434.56,3.84,3.84,,4983.2,3.84
790,0.14;100%;1P;I03-1.tif,29.491,3488.64,2438.4,3486.72,2434.56,3.84,7.68,,6388.64,3.84
791,0.14;100%;1P;I03-1.tif,14.746,1726.08,2440.32,1724.16,2438.4,3.84,3.84,,4626.08,3.84
792,0.14;100%;1P;I03-1.tif,14.746,3143.04,2440.32,3141.12,2438.4,3.84,3.84,,6043.04,3.84
793,0.14;100%;1P;I03-1.tif,324.403,2631.796,2455.331,2618.88,2446.08,26.88,19.2,,5531.796,26.88
794,0.14;100%;1P;I03-1.tif,73.728,3574.656,2456.448,3571.2,2449.92,7.68,11.52,,6474.656,7.68
795,0.14;100%;1P;I03-1.tif,162.202,2060.509,2476.625,2054.4,2469.12,11.52,15.36,,4960.509,11.52
796,0.14;100%;1P;I03-1.tif,44.237,142.72,2476.16,138.24,2472.96,7.68,7.68,,3042.72,7.68
797,0.14;100%;1P;I03-1.tif,58.982,2507.52,2476.8,2503.68,2472.96,7.68,7.68,,5407.52,7.68
798,0.14;100%;1P;I03-1.tif,73.728,3402.624,2479.488,3394.56,2472.96,15.36,11.52,,6302.624,15.36
799,0.14;100%;1P;I03-1.tif,14.746,3189.12,2478.72,3187.2,2476.8,3.84,3.84,,6089.12,3.84
800,0.14;100%;1P;I03-1.tif,14.746,1645.44,2482.56,1643.52,2480.64,3.84,3.84,,4545.44,3.84
801,0.14;100%;1P;I03-1.tif,132.71,821.973,2489.813,814.08,2484.48,15.36,11.52,,3721.973,15.36
802,0.14;100%;1P;I03-1.tif,29.491,2165.76,2486.4,2161.92,2484.48,7.68,3.84,,5065.76,7.68
803,0.14;100%;1P;I03-1.tif,14.746,3081.6,2486.4,3079.68,2484.48,3.84,3.84,,5981.6,3.84
804,0.14;100%;1P;I03-1.tif,58.982,1572.48,2493.12,1566.72,2488.32,11.52,7.68,,4472.48,11.52
805,0.14;100%;1P;I03-1.tif,14.746,1622.4,2494.08,1620.48,2492.16,3.84,3.84,,4522.4,3.84
806,0.14;100%;1P;I03-1.tif,103.219,1995.977,2497.92,1989.12,2492.16,15.36,11.52,,4895.977,15.36
807,0.14;100%;1P;I03-1.tif,58.982,3015.36,2496.96,3010.56,2492.16,11.52,7.68,,5915.36,11.52
808,0.14;100%;1P;I03-1.tif,162.202,1313.105,2509.789,1305.6,2499.84,15.36,19.2,,4213.105,15.36
809,0.14;100%;1P;I03-1.tif,14.746,2540.16,2505.6,2538.24,2503.68,3.84,3.84,,5440.16,3.84
810,0.14;100%;1P;I03-1.tif,44.237,3555.2,2515.84,3552,2511.36,7.68,7.68,,6455.2,7.68
811,0.14;100%;1P;I03-1.tif,486.605,1815.913,2535.156,1804.8,2515.2,26.88,38.4,,4715.913,26.88
812,0.14;100%;1P;I03-1.tif,29.491,2392.32,2519.04,2388.48,2515.2,7.68,7.68,,5292.32,7.68
813,0.14;100%;1P;I03-1.tif,14.746,3600,2528.64,3598.08,2526.72,3.84,3.84,,6500,3.84
814,0.14;100%;1P;I03-1.tif,29.491,337.92,2536.32,334.08,2534.4,7.68,3.84,,3237.92,7.68
815,0.14;100%;1P;I03-1.tif,58.982,897.6,2540.16,894.72,2534.4,7.68,11.52,,3797.6,7.68
816,0.14;100%;1P;I03-1.tif,14.746,1918.08,2536.32,1916.16,2534.4,3.84,3.84,,4818.08,3.84
817,0.14;100%;1P;I03-1.tif,14.746,2624.64,2536.32,2622.72,2534.4,3.84,3.84,,5524.64,3.84
818,0.14;100%;1P;I03-1.tif,14.746,3054.72,2536.32,3052.8,2534.4,3.84,3.84,,5954.72,3.84
819,0.14;100%;1P;I03-1.tif,44.237,1256.32,2545.28,1251.84,2542.08,7.68,7.68,,4156.32,7.68
820,0.14;100%;1P;I03-1.tif,14.746,3373.44,2547.84,3371.52,2545.92,3.84,3.84,,6273.44,3.84
821,0.14;100%;1P;I03-1.tif,619.315,672.091,2563.566,648.96,2549.76,42.24,26.88,,3572.091,42.24
822,0.14;100%;1P;I03-1.tif,280.166,2231.343,2558.754,2219.52,2549.76,23.04,19.2,,5131.343,23.04
823,0.14;100%;1P;I03-1.tif,88.474,2329.6,2554.24,2323.2,2549.76,15.36,7.68,,5229.6,15.36
824,0.14;100%;1P;I03-1.tif,29.491,226.56,2557.44,222.72,2553.6,7.68,7.68,,3126.56,7.68
825,0.14;100%;1P;I03-1.tif,14.746,1952.64,2559.36,1950.72,2557.44,3.84,3.84,,4852.64,3.84
826,0.14;100%;1P;I03-1.tif,44.237,2963.84,2561.92,2960.64,2557.44,7.68,7.68,,5863.84,7.68
827,0.14;100%;1P;I03-1.tif,14.746,2417.28,2563.2,2415.36,2561.28,3.84,3.84,,5317.28,3.84
828,0.14;100%;1P;I03-1.tif,44.237,2332.8,2578.56,2327.04,2576.64,11.52,3.84,,5232.8,11.52
829,0.14;100%;1P;I03-1.tif,14.746,2547.84,2578.56,2545.92,2576.64,3.84,3.84,,5447.84,3.84
830,0.14;100%;1P;I03-1.tif,103.219,3207.771,2583.497,3202.56,2576.64,11.52,11.52,,6107.771,11.52
831,0.14;100%;1P;I03-1.tif,14.746,3047.04,2582.4,3045.12,2580.48,3.84,3.84,,5947.04,3.84
832,0.14;100%;1P;I03-1.tif,14.746,2014.08,2586.24,2012.16,2584.32,3.84,3.84,,4914.08,3.84
833,0.14;100%;1P;I03-1.tif,14.746,2336.64,2586.24,2334.72,2584.32,3.84,3.84,,5236.64,3.84
834,0.14;100%;1P;I03-1.tif,14.746,2904.96,2586.24,2903.04,2584.32,3.84,3.84,,5804.96,3.84
835,0.14;100%;1P;I03-1.tif,14.746,1361.28,2590.08,1359.36,2588.16,3.84,3.84,,4261.28,3.84
836,0.14;100%;1P;I03-1.tif,29.491,2751.36,2592,2749.44,2588.16,3.84,7.68,,5651.36,3.84
837,0.14;100%;1P;I03-1.tif,294.912,3345.408,2595.84,3333.12,2588.16,23.04,15.36,,6245.408,23.04
838,0.14;100%;1P;I03-1.tif,29.491,2014.08,2595.84,2012.16,2592,3.84,7.68,,4914.08,3.84
839,0.14;100%;1P;I03-1.tif,73.728,3460.992,2603.904,3456,2599.68,11.52,7.68,,6360.992,11.52
840,0.14;100%;1P;I03-1.tif,14.746,1918.08,2616.96,1916.16,2615.04,3.84,3.84,,4818.08,3.84
841,0.14;100%;1P;I03-1.tif,14.746,2520.96,2620.8,2519.04,2618.88,3.84,3.84,,5420.96,3.84
842,0.14;100%;1P;I03-1.tif,265.421,1960.747,2637.653,1950.72,2630.4,19.2,19.2,,4860.747,19.2
843,0.14;100%;1P;I03-1.tif,14.746,2140.8,2632.32,2138.88,2630.4,3.84,3.84,,5040.8,3.84
844,0.14;100%;1P;I03-1.tif,103.219,2568.137,2644.937,2561.28,2638.08,11.52,15.36,,5468.137,11.52
845,0.14;100%;1P;I03-1.tif,147.456,1817.088,2654.976,1808.64,2645.76,15.36,15.36,,4717.088,15.36
846,0.14;100%;1P;I03-1.tif,14.746,1864.32,2647.68,1862.4,2645.76,3.84,3.84,,4764.32,3.84
847,0.14;100%;1P;I03-1.tif,14.746,1868.16,2655.36,1866.24,2653.44,3.84,3.84,,4768.16,3.84
848,0.14;100%;1P;I03-1.tif,73.728,3358.08,2678.4,3352.32,2672.64,11.52,11.52,,6258.08,11.52
849,0.14;100%;1P;I03-1.tif,58.982,1770.24,2682.24,1766.4,2676.48,7.68,11.52,,4670.24,7.68
850,0.14;100%;1P;I03-1.tif,88.474,2676.48,2688,2668.8,2684.16,15.36,7.68,,5576.48,15.36